file_name,mfcc1_mean,mfcc2_mean,mfcc3_mean,mfcc4_mean,mfcc5_mean,mfcc6_mean,mfcc7_mean,mfcc8_mean,mfcc9_mean,mfcc10_mean,mfcc11_mean,mfcc12_mean,mfcc13_mean,mfcc1_std,mfcc2_std,mfcc3_std,mfcc4_std,mfcc5_std,mfcc6_std,mfcc7_std,mfcc8_std,mfcc9_std,mfcc10_std,mfcc11_std,mfcc12_std,mfcc13_std,zcr_mean,rms_mean,centroid_mean,bandwidth_mean,rolloff_mean,chroma1_mean,chroma2_mean,chroma3_mean,chroma4_mean,chroma5_mean,chroma6_mean,chroma7_mean,chroma8_mean,chroma9_mean,chroma10_mean,chroma11_mean,chroma12_mean
1001_DFA_ANG_XX.wav,-443.4043273925781,93.98226928710938,13.505677223205566,24.862817764282227,9.272444725036621,-5.712930202484131,-12.177170753479004,-8.618939399719238,-3.1084306240081787,-12.2846097946167,0.060164861381053925,-9.119695663452148,-5.949359893798828,157.2757568359375,34.02392578125,32.793853759765625,20.20648765563965,19.12688446044922,19.215885162353516,18.385923385620117,16.95196533203125,9.300178527832031,10.677332878112793,9.048909187316895,10.90838623046875,9.050073623657227,0.1029824561403509,0.05980639532208443,1520.2239184284524,1737.4174767294346,3024.9122807017543,0.5922999382019043,0.5647958517074585,0.5390971899032593,0.5719989538192749,0.5077870488166809,0.45580270886421204,0.4954652190208435,0.5471370220184326,0.5673835277557373,0.6329175233840942,0.7269973754882812,0.6679137349128723
1001_DFA_DIS_XX.wav,-405.6188659667969,96.72774505615234,14.630141258239746,31.90401840209961,19.0783748626709,-5.232712745666504,-5.660931587219238,-3.490795135498047,-4.72453498840332,-8.94956111907959,-2.0996484756469727,-6.16520357131958,-5.666835784912109,117.95446014404297,28.45905876159668,27.778343200683594,15.893946647644043,13.179713249206543,19.416229248046875,14.189864158630371,11.712035179138184,10.32486343383789,9.034513473510742,10.360713005065918,9.361656188964844,8.451265335083008,0.09145299145299146,0.052217382937669754,1464.7834320050556,1754.1461220008016,2903.5897435897436,0.7065975666046143,0.6196461915969849,0.5609609484672546,0.5361798405647278,0.5331538319587708,0.45911258459091187,0.460877001285553,0.5173795819282532,0.5794026255607605,0.623572826385498,0.7078920602798462,0.783600389957428
1001_DFA_FEA_XX.wav,-463.18609619140625,90.4171142578125,14.32915210723877,23.809268951416016,12.566106796264648,-6.861967086791992,-8.216336250305176,-3.6636996269226074,-5.003408908843994,-13.442481994628906,-4.30900764465332,-8.516215324401855,-7.551003932952881,158.93460083007812,22.327045440673828,31.963943481445312,18.516942977905273,15.935040473937988,20.45974349975586,17.113834381103516,10.348301887512207,8.609675407409668,11.19364070892334,8.100173950195312,7.860548973083496,8.295161247253418,0.08786866359447006,0.05929945036768913,1455.181696037514,1773.887280650785,2932.5345622119817,0.5346725583076477,0.5414628386497498,0.5364927053451538,0.5197045803070068,0.47168391942977905,0.475912868976593,0.5620855093002319,0.6590391397476196,0.6574702858924866,0.711938738822937,0.7312011122703552,0.6290522217750549
1001_DFA_HAP_XX.wav,-460.7617492675781,93.84061431884766,8.778797149658203,28.865659713745117,12.229735374450684,-11.389304161071777,-10.1044282913208,-6.747093200683594,-8.677338600158691,-17.356184005737305,-1.7144544124603271,-10.195966720581055,-9.83226490020752,153.10089111328125,24.811534881591797,28.26559066772461,17.1618709564209,18.89748764038086,18.811893463134766,15.355511665344238,14.451772689819336,10.971693992614746,11.715250968933105,10.548080444335938,9.984953880310059,8.90923023223877,0.08552139037433155,0.04903940111398697,1473.9130811486766,1755.9061194330666,2976.6844919786095,0.503378689289093,0.4756496548652649,0.5160422325134277,0.5499948263168335,0.5176771283149719,0.5596976280212402,0.5750033259391785,0.6004494428634644,0.5932189226150513,0.6513940095901489,0.7146820425987244,0.5909914374351501
1001_DFA_NEU_XX.wav,-406.1575622558594,101.60997009277344,13.247625350952148,29.67904281616211,13.638362884521484,-3.536076307296753,-7.835585594177246,-7.862316131591797,-6.115337371826172,-11.37080192565918,0.5400204658508301,-9.146330833435059,-3.450911283493042,106.68193054199219,29.80828285217285,24.85782241821289,15.368376731872559,17.411834716796875,16.60621452331543,18.484773635864258,12.809793472290039,10.064730644226074,11.634872436523438,12.511133193969727,9.967758178710938,10.5455322265625,0.08362745098039213,0.05814402177929878,1413.2985195361828,1718.4386297907922,2893.725490196078,0.7007884383201599,0.6046826839447021,0.5451947450637817,0.5171826481819153,0.515947163105011,0.46370330452919006,0.4852323830127716,0.5519615411758423,0.6059362292289734,0.64053875207901,0.7163960337638855,0.7803291082382202
1001_DFA_SAD_XX.wav,-399.0533142089844,98.0091552734375,19.167842864990234,35.90178680419922,21.145048141479492,-3.371655225753784,-5.274367332458496,-3.0044891834259033,-4.572391986846924,-8.846471786499023,-1.5185329914093018,-8.309163093566895,-4.4266157150268555,100.97633361816406,29.531267166137695,23.946701049804688,17.29161262512207,13.040305137634277,18.300735473632812,15.440305709838867,11.480719566345215,8.614219665527344,9.517532348632812,10.777969360351562,8.529560089111328,8.131409645080566,0.0875,0.05263775587081909,1427.8951364668499,1758.0027793834445,2874.0298507462685,0.6447573304176331,0.583318293094635,0.5552752614021301,0.5575296878814697,0.5531551837921143,0.5064687132835388,0.536100447177887,0.629548192024231,0.677746593952179,0.725719153881073,0.7788025736808777,0.7674219608306885
1001_IEO_ANG_HI.wav,-438.6266784667969,94.18462371826172,10.493875503540039,13.891976356506348,-6.374226093292236,2.2090864181518555,-6.182482719421387,-11.39146900177002,-4.132072448730469,-14.001605987548828,5.271191596984863,-12.961094856262207,-7.812644958496094,140.94435119628906,34.22881317138672,35.95583724975586,27.263166427612305,35.906837463378906,16.191471099853516,17.78863525390625,17.866411209106445,11.37661075592041,13.250737190246582,12.966753005981445,10.909745216369629,10.152032852172852,0.11873711340206186,0.05282571166753769,1614.7916936193078,1740.4499057729797,3245.773195876289,0.594969630241394,0.6140846014022827,0.5639334321022034,0.515803337097168,0.5196480751037598,0.4563594162464142,0.4347206652164459,0.4569111764431,0.5106558799743652,0.5714494585990906,0.6124886870384216,0.6561616063117981
1001_IEO_ANG_LO.wav,-399.9139404296875,108.3138198852539,14.591407775878906,24.757064819335938,9.010278701782227,2.3128838539123535,-3.9975595474243164,-5.259756565093994,-3.6042160987854004,-11.924565315246582,2.0423178672790527,-7.684154033660889,-6.858024597167969,110.61616516113281,23.052942276000977,26.06878662109375,15.687060356140137,28.77790069580078,9.608588218688965,11.715689659118652,14.181375503540039,10.46214485168457,8.034733772277832,12.937531471252441,10.267942428588867,9.026015281677246,0.07440821256038647,0.06314526498317719,1343.7597208981933,1724.7743938844997,2818.3574879227053,0.6377508640289307,0.5958071947097778,0.5272624492645264,0.5016793012619019,0.45221054553985596,0.4916071891784668,0.560941755771637,0.6279208660125732,0.6370394229888916,0.700078547000885,0.7444174289703369,0.6797168254852295
1001_IEO_ANG_MD.wav,-381.6254577636719,108.7486801147461,15.44990062713623,19.730445861816406,2.1916189193725586,3.0549230575561523,-5.375653266906738,-12.238895416259766,-3.1237051486968994,-10.570816040039062,4.831675052642822,-13.012588500976562,-6.708027362823486,111.18669891357422,34.193267822265625,32.613319396972656,22.222915649414062,33.69080352783203,12.693608283996582,12.9080228805542,17.92803192138672,10.29953384399414,12.843412399291992,14.716225624084473,9.883707046508789,9.201563835144043,0.09818181818181818,0.07794465124607086,1439.2402464951797,1686.0076769734023,2910.3030303030305,0.5906342267990112,0.5312999486923218,0.4690990447998047,0.5050573348999023,0.4679468870162964,0.49286916851997375,0.5332112312316895,0.5443363785743713,0.5611914992332458,0.654441237449646,0.7167356610298157,0.6375918984413147
1001_IEO_DIS_HI.wav,-402.70599365234375,94.56551361083984,6.172902584075928,23.9083194732666,1.778878927230835,-0.22493216395378113,-7.237456321716309,-7.307568073272705,-1.5138936042785645,-10.845987319946289,1.5980029106140137,-9.554971694946289,-4.947798728942871,133.1498565673828,29.94098472595215,32.69837951660156,21.684785842895508,35.57037353515625,15.011777877807617,12.960232734680176,17.195493698120117,10.482666015625,9.56026554107666,12.270665168762207,8.063654899597168,9.173614501953125,0.1077363184079602,0.07017942517995834,1607.6019741209984,1775.8141011383793,3375.5223880597014,0.607380747795105,0.5591604113578796,0.5116177201271057,0.5237361192703247,0.4914364814758301,0.4754250645637512,0.5342426300048828,0.5947210788726807,0.6021064519882202,0.6291729211807251,0.6987552642822266,0.6539103388786316
1001_IEO_DIS_LO.wav,-297.22381591796875,104.88102722167969,21.327190399169922,20.595874786376953,13.028870582580566,5.225736618041992,5.167898178100586,-3.5986618995666504,-7.241535186767578,-7.560547351837158,-0.822313666343689,-9.611760139465332,-5.582606792449951,65.48822784423828,24.277023315429688,23.323299407958984,17.064983367919922,18.447580337524414,10.149988174438477,11.932765007019043,11.63732624053955,10.066643714904785,9.744755744934082,10.58543586730957,9.23385238647461,8.31447696685791,0.07557213930348258,0.11509725451469421,1373.3619863922877,1791.3897450029945,2881.194029850746,0.7256899476051331,0.6607639193534851,0.5909813642501831,0.5361682772636414,0.5440936088562012,0.4922751486301422,0.5135747194290161,0.5851722955703735,0.645005464553833,0.6830300688743591,0.7524064779281616,0.8057597279548645
1001_IEO_DIS_MD.wav,-428.87750244140625,103.29330444335938,18.996110916137695,18.428747177124023,8.3309907913208,3.44372296333313,-1.952130913734436,-8.964136123657227,-3.334458351135254,-7.672886848449707,2.5109095573425293,-10.231775283813477,-3.468506097793579,98.18791961669922,30.880287170410156,24.89699363708496,18.974945068359375,25.0784854888916,13.917120933532715,11.916980743408203,14.451689720153809,10.58958911895752,9.007308959960938,11.638338088989258,8.117732048034668,8.364182472229004,0.0948560209424084,0.03938492760062218,1496.9675108931137,1798.6963664915638,3104.2931937172775,0.6941037178039551,0.6819137930870056,0.6184895634651184,0.6188538074493408,0.567401111125946,0.5054031014442444,0.509118378162384,0.580151379108429,0.6091570854187012,0.6395766735076904,0.7181976437568665,0.7067316770553589
1001_IEO_FEA_HI.wav,-439.898681640625,87.44158172607422,9.064312934875488,14.494820594787598,-0.11583831161260605,-0.18192140758037567,-4.863795280456543,-8.90853214263916,-7.279158592224121,-12.373016357421875,3.2226970195770264,-8.849857330322266,-2.5330209732055664,147.017578125,24.016361236572266,35.15406799316406,28.96038818359375,32.627323150634766,12.043916702270508,13.88800048828125,16.260272979736328,11.279483795166016,10.158636093139648,12.313780784606934,9.467691421508789,8.278002738952637,0.10189490445859872,0.05941909924149513,1518.307141711057,1725.1957159190224,2972.9936305732485,0.5768552422523499,0.5739451050758362,0.5236377120018005,0.5390000939369202,0.47223585844039917,0.40894773602485657,0.43139418959617615,0.5203938484191895,0.5715578198432922,0.6368061304092407,0.6617835760116577,0.6032110452651978
1001_IEO_FEA_LO.wav,-397.80718994140625,100.77503967285156,21.61309814453125,20.355005264282227,6.494403839111328,4.576696395874023,-1.5627937316894531,-8.8328218460083,-6.635503768920898,-10.475815773010254,6.270927906036377,-6.147950172424316,-3.8108408451080322,116.7792739868164,31.606426239013672,27.48117446899414,20.08803367614746,26.7861385345459,10.597272872924805,11.131599426269531,13.881631851196289,9.526416778564453,11.004483222961426,14.570383071899414,9.214696884155273,8.130178451538086,0.09733766233766233,0.060724493116140366,1495.061975942827,1780.0440404625253,2981.2987012987014,0.6721740961074829,0.6608618497848511,0.5827687978744507,0.5683428049087524,0.542536735534668,0.48975202441215515,0.4982483685016632,0.5308372378349304,0.5619507431983948,0.6054564714431763,0.6856908798217773,0.7348860502243042
1001_IEO_FEA_MD.wav,-406.28759765625,99.16497802734375,13.855374336242676,19.41060447692871,1.2469292879104614,0.2967432737350464,-1.6093239784240723,-8.262040138244629,-5.965952396392822,-12.027271270751953,3.2536227703094482,-9.12387752532959,-5.525720596313477,139.19935607910156,29.724206924438477,30.880027770996094,23.20880889892578,29.306312561035156,12.231156349182129,11.116561889648438,16.40308952331543,9.787779808044434,9.289843559265137,12.616634368896484,8.198809623718262,9.620535850524902,0.10181677018633539,0.06933476775884628,1540.0333865374887,1773.8077571194688,3098.6335403726707,0.6758491396903992,0.669741690158844,0.6307832598686218,0.5738422274589539,0.5214861631393433,0.43551313877105713,0.43027108907699585,0.49282437562942505,0.5464984774589539,0.5993549823760986,0.662523090839386,0.7148125171661377
1001_IEO_HAP_HI.wav,-374.0408630371094,83.77770233154297,-4.384699821472168,5.528518199920654,-6.413918972015381,-4.802225589752197,-10.539290428161621,-11.329394340515137,-8.894657135009766,-13.320250511169434,2.52864146232605,-12.004393577575684,-9.1683988571167,139.8681640625,27.595897674560547,37.524234771728516,36.75566101074219,33.64028549194336,18.63714027404785,12.999011039733887,18.597938537597656,12.88070011138916,16.01894187927246,11.668828964233398,10.56606388092041,8.612971305847168,0.12966101694915255,0.09716254472732544,1743.4522537828836,1765.755032450868,3495.367231638418,0.4920409321784973,0.5158839821815491,0.4878600239753723,0.42053842544555664,0.4114578664302826,0.4745326042175293,0.549787163734436,0.48635807633399963,0.45580047369003296,0.4837329387664795,0.5438879132270813,0.5508807301521301
1001_IEO_HAP_LO.wav,-438.1174621582031,102.14675903320312,16.82699966430664,24.962810516357422,5.436201572418213,6.791426658630371,-4.100730895996094,-9.43869686126709,-5.331480026245117,-11.158493995666504,4.54014778137207,-11.028768539428711,-4.380166530609131,118.31929779052734,24.955795288085938,26.34549903869629,20.488323211669922,28.29876708984375,10.31033706665039,11.345053672790527,15.69369888305664,8.439050674438477,8.263151168823242,15.520161628723145,7.905689716339111,8.723830223083496,0.08845029239766082,0.04102388024330139,1476.9468581997705,1791.9904157455194,3198.8304093567253,0.6919339299201965,0.6288715600967407,0.5699741244316101,0.5471481680870056,0.5480262637138367,0.4653407633304596,0.47135376930236816,0.5369057059288025,0.5978745818138123,0.6522733569145203,0.7132328748703003,0.7597857117652893
1001_IEO_HAP_MD.wav,-432.7572937011719,99.28873443603516,12.859294891357422,20.0640926361084,4.415919780731201,2.4785711765289307,-4.843897819519043,-10.7158784866333,-7.590286731719971,-10.342790603637695,4.203702449798584,-9.248533248901367,-5.43878698348999,133.82080078125,28.332590103149414,31.734607696533203,21.519611358642578,29.295122146606445,12.323312759399414,11.417914390563965,16.417869567871094,10.538018226623535,9.035391807556152,14.20824146270752,9.56936264038086,8.704947471618652,0.09748502994011976,0.0547218881547451,1522.4958997575075,1781.0311064851194,3174.6107784431138,0.6519612073898315,0.6328961253166199,0.5862888097763062,0.567523181438446,0.5144285559654236,0.45686236023902893,0.4804942011833191,0.559852123260498,0.5843259692192078,0.6339297890663147,0.7023472785949707,0.6952635645866394
1001_IEO_NEU_XX.wav,-338.1341857910156,100.7584457397461,22.60206413269043,22.098051071166992,10.243910789489746,4.0573649406433105,-0.8955538868904114,-7.847934722900391,-6.335881233215332,-7.500385761260986,2.7274346351623535,-11.521276473999023,-1.6317754983901978,98.71827697753906,28.35008430480957,22.79410743713379,16.055845260620117,24.1650447845459,12.629775047302246,13.588993072509766,15.669614791870117,10.555315017700195,10.899285316467285,13.169734001159668,8.41555404663086,10.715971946716309,0.09335403726708075,0.08975395560264587,1511.9565160319682,1833.2026267477502,3182.608695652174,0.6760680675506592,0.6152780652046204,0.5589011311531067,0.5590646266937256,0.5560483932495117,0.49164652824401855,0.4912465214729309,0.5518303513526917,0.5857278108596802,0.6314351558685303,0.7150164842605591,0.7444940805435181
1001_IEO_SAD_HI.wav,-393.0791320800781,109.604736328125,22.701751708984375,23.5803165435791,13.897430419921875,-1.8710832595825195,-3.7059712409973145,-6.189011573791504,-5.797347545623779,-7.6786909103393555,1.3213454484939575,-7.439906597137451,-5.907022953033447,86.40811157226562,35.37458419799805,22.593402862548828,16.30752182006836,21.148550033569336,13.717489242553711,11.498711585998535,12.1555757522583,9.720398902893066,12.09119701385498,13.62226676940918,9.335405349731445,7.917150497436523,0.08253731343283582,0.060429397970438004,1357.2769927340503,1716.7478164901058,2683.582089552239,0.6743869185447693,0.6027594804763794,0.543761134147644,0.4979366958141327,0.512519896030426,0.4647860825061798,0.4794428050518036,0.5593652725219727,0.6211824417114258,0.6635874509811401,0.7337139844894409,0.7744187116622925
1001_IEO_SAD_LO.wav,-325.3313903808594,109.98101043701172,25.80643653869629,20.627132415771484,11.786474227905273,2.836613893508911,-4.1550445556640625,-6.46446418762207,-6.828845977783203,-9.710001945495605,1.6637308597564697,-7.6406660079956055,-4.985016822814941,80.34354400634766,30.364883422851562,15.815519332885742,14.762758255004883,17.054481506347656,10.629775047302246,11.775420188903809,11.436041831970215,8.414834022521973,8.584942817687988,11.454294204711914,8.130545616149902,8.329824447631836,0.0769240837696335,0.09661086648702621,1343.1893023293633,1743.007867724031,2695.497382198953,0.7203829884529114,0.622742772102356,0.531618595123291,0.5058164000511169,0.48374366760253906,0.4485030174255371,0.5041993260383606,0.6160882115364075,0.6902933716773987,0.7015780806541443,0.7795367240905762,0.8272374272346497
1001_IEO_SAD_MD.wav,-333.2900085449219,112.58248138427734,19.35230255126953,21.763957977294922,10.795915603637695,-3.366826295852661,-5.85846471786499,-8.644991874694824,-6.335315704345703,-10.580074310302734,2.868162155151367,-4.204939365386963,-4.836989402770996,74.66252136230469,31.011310577392578,20.37785530090332,15.353107452392578,18.64133071899414,10.706720352172852,13.394055366516113,12.30207347869873,10.283528327941895,9.107368469238281,12.867227554321289,8.985904693603516,7.361289024353027,0.08515804597701149,0.08282186836004257,1359.3960048230995,1693.2312473421675,2673.793103448276,0.6775975823402405,0.6360079646110535,0.5711318254470825,0.5112015008926392,0.4458700716495514,0.4516761302947998,0.5220720767974854,0.6081613302230835,0.6349823474884033,0.7096748948097229,0.7990785837173462,0.7375328540802002
1001_IOM_ANG_XX.wav,-420.9012451171875,102.00359344482422,12.030638694763184,36.1321907043457,10.878968238830566,-4.556596755981445,-4.056426048278809,-9.265936851501465,-6.649946689605713,-12.553671836853027,0.3431805670261383,-9.436460494995117,-6.184826850891113,114.23248291015625,28.174976348876953,19.344594955444336,26.600879669189453,27.11948013305664,15.002427101135254,10.889435768127441,13.497482299804688,11.990873336791992,12.606134414672852,11.387089729309082,9.329971313476562,10.516530990600586,0.08092289719626168,0.061410967260599136,1371.4029514142262,1674.1375458100204,2759.8130841121497,0.7163547277450562,0.6245688796043396,0.5449160933494568,0.5277612805366516,0.5664694905281067,0.4998627007007599,0.5028550624847412,0.5436497330665588,0.5701318979263306,0.584223210811615,0.6701140999794006,0.7670221924781799
1001_IOM_DIS_XX.wav,-357.0126647949219,105.51566314697266,20.86106300354004,32.22878646850586,15.470846176147461,-6.465938568115234,-0.1367693692445755,-4.791934967041016,-10.807929039001465,-10.110112190246582,0.4275120198726654,-9.565444946289062,-5.038102149963379,87.02991485595703,23.580812454223633,19.120086669921875,22.323305130004883,20.857295989990234,16.394357681274414,9.875351905822754,9.631146430969238,10.552525520324707,10.727655410766602,10.838658332824707,9.021749496459961,8.676499366760254,0.07384361233480176,0.07650509476661682,1333.0590291923047,1745.8209726099867,2719.4713656387667,0.6789278984069824,0.6295080780982971,0.594091534614563,0.5730392336845398,0.5923409461975098,0.5471411347389221,0.5544244050979614,0.6049261093139648,0.6477763056755066,0.6571589112281799,0.7010360360145569,0.762394905090332
1001_IOM_FEA_XX.wav,-398.75726318359375,101.48416137695312,12.265963554382324,40.67298889160156,10.141231536865234,-7.3018574714660645,-5.485448360443115,-8.35205078125,-7.8989362716674805,-15.041787147521973,1.4434980154037476,-8.250319480895996,-9.069537162780762,128.80844116210938,33.50299072265625,25.800495147705078,29.22196388244629,28.90838050842285,15.756625175476074,16.200206756591797,12.235942840576172,11.483262062072754,11.965950965881348,9.477076530456543,9.959988594055176,11.000454902648926,0.08808978873239436,0.08068062365055084,1362.3342983913099,1612.0349729199738,2721.4084507042253,0.602705717086792,0.6288621425628662,0.609981894493103,0.5939757227897644,0.5490490794181824,0.48150500655174255,0.49977347254753113,0.5636566281318665,0.5962525010108948,0.6266322135925293,0.6501880288124084,0.6389458179473877
1001_IOM_HAP_XX.wav,-429.1263732910156,101.4772720336914,19.574722290039062,31.901643753051758,4.747797966003418,-6.931964874267578,-2.1480515003204346,-11.39226245880127,-12.034711837768555,-14.490741729736328,-1.4084419012069702,-11.858194351196289,-9.323556900024414,137.9434356689453,24.32853889465332,25.248350143432617,24.152620315551758,27.723224639892578,17.71520233154297,10.512682914733887,14.630218505859375,13.776273727416992,11.649946212768555,10.91305160522461,9.550944328308105,11.033513069152832,0.07172885572139304,0.07238681614398956,1313.02309162422,1695.1517977922338,2737.7114427860697,0.5711907148361206,0.5209770202636719,0.5138733983039856,0.5875133872032166,0.6105387806892395,0.5876360535621643,0.5753300786018372,0.5382606387138367,0.49911290407180786,0.5033563375473022,0.5715541243553162,0.593223512172699
1001_IOM_NEU_XX.wav,-416.46295166015625,107.04833221435547,20.376644134521484,32.458133697509766,7.038518905639648,-1.4637441635131836,-0.2360406219959259,-8.027135848999023,-7.009028434753418,-14.953550338745117,1.2596126794815063,-7.491658687591553,-8.926273345947266,111.85124206542969,21.898805618286133,19.150333404541016,23.652284622192383,32.12118911743164,13.837437629699707,12.208934783935547,13.826290130615234,11.457846641540527,10.691925048828125,11.675383567810059,8.526422500610352,10.348231315612793,0.0696761133603239,0.06333938241004944,1283.490729668284,1686.0082029770813,2666.7206477732793,0.5875561237335205,0.5318417549133301,0.5448799133300781,0.5953564643859863,0.5052639245986938,0.4833836853504181,0.5247771739959717,0.5772861242294312,0.6243462562561035,0.6941852569580078,0.7322397828102112,0.6585177779197693
1001_IOM_SAD_XX.wav,-356.6019592285156,111.1755599975586,18.876461029052734,31.39064598083496,11.553410530090332,-5.510161399841309,1.1925101280212402,-4.160796165466309,-12.171551704406738,-9.272890090942383,3.1459367275238037,-7.232760906219482,-5.762648105621338,99.73115539550781,30.749446868896484,21.748641967773438,22.427452087402344,21.851829528808594,14.006467819213867,13.836336135864258,12.738598823547363,12.920350074768066,13.295638084411621,10.559731483459473,8.31323528289795,10.06547737121582,0.07639175257731959,0.09027834981679916,1294.5381918029489,1657.0607700163569,2603.917525773196,0.6861075162887573,0.6488440036773682,0.6001181602478027,0.5965588092803955,0.5869984030723572,0.5060453414916992,0.5209774374961853,0.5876689553260803,0.6162848472595215,0.6093524098396301,0.6582784652709961,0.719672679901123
1001_ITH_ANG_XX.wav,-398.1668701171875,101.181396484375,5.411120414733887,23.24324607849121,13.181805610656738,-5.1715521812438965,-8.650884628295898,-6.497163772583008,-4.454371929168701,-9.876199722290039,1.8944411277770996,-9.704602241516113,-9.374655723571777,135.83575439453125,26.88037872314453,34.2841796875,19.361133575439453,20.276208877563477,17.357873916625977,15.525788307189941,11.433239936828613,12.303889274597168,12.374062538146973,10.668415069580078,9.068065643310547,10.149377822875977,0.09546413502109705,0.06473735719919205,1447.8760945321646,1689.1966131838415,2810.1265822784812,0.5639014840126038,0.5444345474243164,0.5316386222839355,0.5546649694442749,0.5599662661552429,0.5053213834762573,0.534098207950592,0.5900799036026001,0.6047356724739075,0.6396539807319641,0.6700804233551025,0.6637365818023682
1001_ITH_DIS_XX.wav,-295.9037780761719,96.30360412597656,5.180830001831055,26.2010555267334,12.027456283569336,-2.6020846366882324,-2.707409381866455,-4.11707067489624,-4.913855075836182,-6.518692970275879,2.6871495246887207,-10.952805519104004,-4.1184797286987305,100.35724639892578,29.447011947631836,27.470767974853516,18.826738357543945,17.421411514282227,14.785992622375488,12.957385063171387,11.965039253234863,11.904358863830566,10.995086669921875,10.411455154418945,8.850044250488281,7.576462745666504,0.11049539170506914,0.1021260991692543,1582.088242262542,1748.7289465584884,3101.1981566820277,0.6961449980735779,0.6606422662734985,0.6040268540382385,0.5912485718727112,0.6202118992805481,0.5295605659484863,0.5214771032333374,0.5573793053627014,0.6073164939880371,0.6319565773010254,0.6707209348678589,0.7395684719085693
1001_ITH_FEA_XX.wav,-418.7994384765625,98.99730682373047,3.431379795074463,18.262760162353516,10.19404411315918,-6.30594539642334,-11.127992630004883,-8.72122859954834,-5.646293640136719,-9.323248863220215,1.4774149656295776,-11.419665336608887,-11.289192199707031,153.5270233154297,24.401731491088867,34.445823669433594,25.247222900390625,21.087085723876953,16.710779190063477,14.721770286560059,12.12568187713623,11.122961044311523,12.31924819946289,10.3922700881958,10.284136772155762,9.919764518737793,0.08912322274881516,0.06542561203241348,1411.3549719622176,1667.3434914052298,2736.4928909952605,0.5255290269851685,0.5101099014282227,0.517806887626648,0.5550600290298462,0.4873574376106262,0.4772118031978607,0.5310624241828918,0.5950025320053101,0.5971848964691162,0.6338759064674377,0.6677517294883728,0.6092411875724792
1001_ITH_HAP_XX.wav,-436.2388610839844,103.1431884765625,5.623222351074219,19.107467651367188,12.057156562805176,-6.362494945526123,-12.599105834960938,-7.677413463592529,-5.594892501831055,-9.768304824829102,0.646650493144989,-9.841229438781738,-9.071125030517578,152.03111267089844,24.159683227539062,33.566715240478516,20.60210609436035,17.55168914794922,16.401601791381836,14.588467597961426,11.570606231689453,11.293025970458984,12.200789451599121,10.005767822265625,9.989617347717285,8.458579063415527,0.08442307692307692,0.0533829964697361,1379.5929049108663,1682.6632253073183,2679.1902834008097,0.5620054602622986,0.5394067764282227,0.5274322032928467,0.5422282814979553,0.4722577929496765,0.45803335309028625,0.5257659554481506,0.6058998107910156,0.606429934501648,0.6505897045135498,0.6906211376190186,0.6284092664718628
1001_ITH_NEU_XX.wav,-362.1392517089844,106.77699279785156,10.220847129821777,25.923076629638672,12.370920181274414,-2.173858165740967,-8.012198448181152,-4.594437599182129,-7.174794673919678,-10.50924015045166,3.2271902561187744,-12.62746524810791,-8.725726127624512,111.6431655883789,22.643131256103516,27.209293365478516,19.28925323486328,16.733455657958984,15.492788314819336,15.211745262145996,11.270042419433594,12.681442260742188,11.238081932067871,12.773894309997559,9.477527618408203,8.115497589111328,0.0828639846743295,0.07700672000646591,1355.7381153494375,1675.0684961654613,2745.7471264367814,0.6017833948135376,0.5785903930664062,0.5787755250930786,0.5962302684783936,0.6007506847381592,0.5309468507766724,0.5330239534378052,0.5575437545776367,0.5940442681312561,0.6220082640647888,0.6615066528320312,0.683157205581665
1001_ITH_SAD_XX.wav,-312.30908203125,102.33335876464844,15.077974319458008,27.779956817626953,18.65631103515625,-1.6252444982528687,-3.910569429397583,-5.080097675323486,-7.544609069824219,-6.158040523529053,0.7776477932929993,-11.979405403137207,-4.692352294921875,94.29839324951172,24.550514221191406,25.366594314575195,14.1524658203125,12.92227554321289,14.060791015625,10.701969146728516,12.127726554870605,11.99164867401123,12.686565399169922,10.604066848754883,9.294646263122559,8.294864654541016,0.08800632911392405,0.09922465682029724,1421.0221944980904,1757.836233131271,2868.8607594936707,0.6477911472320557,0.6081436276435852,0.5772175788879395,0.5665258765220642,0.4960310757160187,0.5236944556236267,0.5836822390556335,0.6287308931350708,0.6653686165809631,0.7266851663589478,0.7782542705535889,0.6982219815254211
1001_ITS_ANG_XX.wav,-427.0208435058594,86.99532318115234,24.001800537109375,26.756654739379883,9.28227710723877,-8.202101707458496,-10.116424560546875,-10.947675704956055,-5.861514091491699,-12.494543075561523,1.3919222354888916,-12.263076782226562,-6.391933917999268,134.70758056640625,43.624229431152344,31.061120986938477,23.95944595336914,22.694456100463867,20.34992790222168,16.60228157043457,13.114212989807129,12.20827579498291,12.80343246459961,9.509450912475586,9.765275001525879,12.690435409545898,0.13771400778210116,0.053968075662851334,1779.0531977743449,1834.8311233312393,3395.0194552529183,0.5859568119049072,0.5794068574905396,0.5350835919380188,0.5006030201911926,0.47495752573013306,0.4744248390197754,0.5166450142860413,0.5660317540168762,0.5768368244171143,0.5983324646949768,0.6565368175506592,0.6756792068481445
1001_ITS_DIS_XX.wav,-375.8032531738281,87.08595275878906,23.38535499572754,25.96522331237793,14.086112022399902,-5.453301906585693,-7.8848748207092285,-6.77485466003418,-5.091076374053955,-10.534789085388184,0.9983370900154114,-11.955133438110352,-4.6873908042907715,109.1465835571289,47.215187072753906,27.714786529541016,20.7757568359375,17.065153121948242,17.632793426513672,12.784405708312988,11.492368698120117,10.098334312438965,11.602156639099121,10.612910270690918,10.673321723937988,11.323992729187012,0.14218325791855205,0.06540870666503906,1803.507677413158,1847.756197418425,3441.9909502262444,0.6339748501777649,0.6051313877105713,0.5663284063339233,0.5861954689025879,0.5431376099586487,0.5094211101531982,0.5147361159324646,0.5448517203330994,0.5804420113563538,0.6518003940582275,0.7328173518180847,0.6850353479385376
1001_ITS_FEA_XX.wav,-428.71917724609375,85.65790557861328,15.120292663574219,18.87224006652832,9.444997787475586,-8.885932922363281,-9.143769264221191,-5.493289947509766,-8.637577056884766,-14.593925476074219,0.010004987940192223,-9.984956741333008,-7.174487590789795,148.00828552246094,38.893638610839844,26.09074592590332,22.50067901611328,25.48661231994629,19.968069076538086,14.794500350952148,13.2819185256958,11.389422416687012,12.089064598083496,8.831581115722656,10.516121864318848,9.681742668151855,0.12829439252336447,0.06446707248687744,1733.374002929271,1836.0490745098002,3304.299065420561,0.5773437023162842,0.5245835781097412,0.5106372237205505,0.4631883502006531,0.4259433448314667,0.4021373689174652,0.4431270360946655,0.5297950506210327,0.586004376411438,0.675068199634552,0.741580069065094,0.7121383547782898
1001_ITS_HAP_XX.wav,-431.25286865234375,84.890625,13.44878101348877,22.414825439453125,9.307408332824707,-8.420048713684082,-8.390190124511719,-9.417482376098633,-6.967452049255371,-12.603692054748535,0.2697368562221527,-8.761063575744629,-4.937159538269043,142.0548553466797,35.41102981567383,26.37211799621582,26.5710506439209,19.970054626464844,19.453968048095703,15.889202117919922,10.715096473693848,12.55350399017334,11.369036674499512,10.27426528930664,10.335592269897461,9.234017372131348,0.1263574660633484,0.05173644423484802,1722.043051898852,1844.8047659145952,3335.3846153846152,0.6355718970298767,0.6114738583564758,0.5538724660873413,0.5472755432128906,0.5411766171455383,0.464446097612381,0.45866790413856506,0.4981025159358978,0.5294861793518066,0.5969722867012024,0.6987789273262024,0.7211053967475891
1001_ITS_NEU_XX.wav,-362.9842529296875,90.67257690429688,23.101749420166016,30.83833885192871,14.10422134399414,-2.8552582263946533,-11.28896427154541,-7.680020809173584,-7.2582926750183105,-14.594401359558105,0.8924585580825806,-12.922718048095703,-8.452956199645996,113.08856964111328,41.13079833984375,27.527013778686523,20.602642059326172,17.525846481323242,16.293899536132812,14.020402908325195,11.331178665161133,11.191554069519043,14.197399139404297,11.021343231201172,10.695602416992188,11.015527725219727,0.11843237704918033,0.08268477022647858,1657.7463364059613,1801.0335479211597,3259.8360655737706,0.637321412563324,0.576664388179779,0.5253489017486572,0.5073572397232056,0.5058843493461609,0.47230207920074463,0.5147058367729187,0.5648744106292725,0.5852632522583008,0.6354901194572449,0.7315118908882141,0.7442441582679749
1001_ITS_SAD_XX.wav,-327.130615234375,95.7038345336914,22.98102378845215,28.633771896362305,19.167844772338867,0.9230048656463623,-7.0539350509643555,-3.27728271484375,-4.099026679992676,-10.033844947814941,2.3629820346832275,-10.430096626281738,-7.6719136238098145,80.04589080810547,39.550540924072266,22.153594970703125,18.358657836914062,17.378326416015625,15.482423782348633,13.123388290405273,9.953964233398438,9.28218936920166,11.861104965209961,11.037285804748535,9.949512481689453,10.306037902832031,0.10954119850187266,0.09648545831441879,1580.3620094973533,1796.44593708583,3093.0337078651687,0.6981518268585205,0.6424408555030823,0.5945905447006226,0.5598534345626831,0.5340821743011475,0.482891708612442,0.5233451724052429,0.6132773160934448,0.6524036526679993,0.6875075101852417,0.7629527449607849,0.7860478162765503
1001_IWL_ANG_XX.wav,-412.9521789550781,106.19278717041016,6.406182765960693,14.290051460266113,-8.258315086364746,-4.247635841369629,-4.898550510406494,-12.369345664978027,-7.843822479248047,-15.494483947753906,4.966135501861572,-10.831193923950195,-8.04153060913086,136.9883575439453,28.108169555664062,32.10254669189453,23.530580520629883,37.854347229003906,16.372440338134766,16.1625919342041,14.684037208557129,12.226901054382324,15.981989860534668,13.728310585021973,11.25854778289795,11.679861068725586,0.09309936908517351,0.07042275369167328,1402.0447467065392,1622.8472207628413,2790.283911671924,0.5621667504310608,0.5422442555427551,0.591117799282074,0.6175187826156616,0.45628640055656433,0.4164576828479767,0.4334425628185272,0.46467965841293335,0.487928569316864,0.5404635071754456,0.6098151803016663,0.5688266754150391
1001_IWL_DIS_XX.wav,-400.3400573730469,112.78678894042969,18.452983856201172,21.202205657958984,4.889706611633301,1.2574410438537598,3.226083755493164,-5.155791759490967,-7.533411979675293,-9.5310640335083,3.409613847732544,-7.948052883148193,-4.813952445983887,108.72702026367188,19.63031768798828,24.839689254760742,17.34571075439453,29.628555297851562,13.129107475280762,14.412392616271973,12.63632583618164,11.054749488830566,12.133232116699219,14.06277084350586,9.713996887207031,9.73204231262207,0.07286964980544747,0.05832839757204056,1263.7152686826605,1675.2407801813185,2610.894941634241,0.6534233093261719,0.6091499924659729,0.5568364858627319,0.5518747568130493,0.5826818346977234,0.49634963274002075,0.4882539212703705,0.5199878215789795,0.5529870390892029,0.6138377785682678,0.6870296597480774,0.7257024049758911
1001_IWL_FEA_XX.wav,-465.2066955566406,97.815673828125,12.143815994262695,13.58624267578125,3.3101885318756104,-2.2185964584350586,-3.040264844894409,-8.660482406616211,-8.385618209838867,-12.52550220489502,0.8794673085212708,-9.391244888305664,-6.620270729064941,152.75436401367188,24.842411041259766,29.07265281677246,23.13473129272461,27.880956649780273,15.700445175170898,12.219282150268555,13.074395179748535,10.512519836425781,10.4828519821167,11.603208541870117,9.371017456054688,10.944108963012695,0.08478902953586498,0.04872956499457359,1385.5095673687981,1713.9664774390653,2756.4556962025317,0.5866396427154541,0.5652977228164673,0.562390923500061,0.5351365804672241,0.5259719491004944,0.470887690782547,0.4761221408843994,0.5405429005622864,0.6001347303390503,0.6159102320671082,0.6611183881759644,0.6778025031089783
1001_IWL_HAP_XX.wav,-411.6052551269531,105.14965057373047,4.906375885009766,16.70155906677246,0.04593488574028015,-6.527088165283203,-3.241511821746826,-9.70542049407959,-8.702654838562012,-12.218494415283203,0.8394768238067627,-10.56940746307373,-8.661422729492188,135.70201110839844,24.99675178527832,26.199256896972656,27.4353084564209,27.33570671081543,18.00991439819336,13.797600746154785,13.740713119506836,12.697775840759277,10.849072456359863,10.667060852050781,10.013045310974121,10.661153793334961,0.08197867298578199,0.07065189629793167,1356.9207389233372,1642.5705586602717,2666.1611374407585,0.5587173104286194,0.5343075394630432,0.5094308257102966,0.5344398021697998,0.5493192076683044,0.4919092655181885,0.5143991112709045,0.5541839003562927,0.5458788871765137,0.522458016872406,0.5672909021377563,0.6027302145957947
1001_IWL_NEU_XX.wav,-399.5914611816406,111.58745574951172,11.363225936889648,21.108356475830078,0.44837716221809387,-1.4555280208587646,-2.732459545135498,-6.775458812713623,-6.876830577850342,-14.851825714111328,4.710537910461426,-9.34150505065918,-9.097189903259277,128.1403350830078,20.775400161743164,25.078022003173828,19.51976203918457,31.89310073852539,13.45125675201416,13.276924133300781,12.652770042419434,10.73511028289795,15.00972843170166,14.543279647827148,9.497174263000488,11.808602333068848,0.07335387323943661,0.07731211185455322,1284.6066889537967,1641.748588239954,2657.7464788732395,0.6043055653572083,0.5491743683815002,0.5222647786140442,0.5257663726806641,0.4701598286628723,0.4797748029232025,0.5025550127029419,0.5488060712814331,0.5587213635444641,0.6274846196174622,0.7097265124320984,0.6555860042572021
1001_IWL_SAD_XX.wav,-396.2445983886719,117.10447692871094,21.914472579956055,22.26938247680664,10.07044792175293,0.2551596164703369,0.4558711647987366,-4.094737529754639,-9.266053199768066,-8.570624351501465,1.4294716119766235,-9.199258804321289,-4.328547954559326,90.39546966552734,25.319150924682617,22.148778915405273,16.316608428955078,22.89404296875,12.732070922851562,11.895301818847656,9.668313980102539,10.43746280670166,12.783600807189941,12.229143142700195,8.107247352600098,10.374756813049316,0.06350352112676057,0.060297220945358276,1187.9027234697705,1635.2440709946125,2355.492957746479,0.6504828333854675,0.576878547668457,0.5311501026153564,0.5408107042312622,0.5728330016136169,0.5153571367263794,0.5158715844154358,0.5541554689407349,0.5930889248847961,0.6320635080337524,0.6985435485839844,0.7380240559577942
1001_IWW_ANG_XX.wav,-410.8149719238281,96.8184585571289,16.75589942932129,21.683801651000977,7.2521491050720215,-2.441105842590332,-3.628347635269165,-5.776324272155762,-10.947282791137695,-11.384651184082031,4.747768878936768,-10.055500984191895,-5.326010227203369,135.08555603027344,35.29552459716797,27.534914016723633,15.697416305541992,23.75397491455078,12.843245506286621,15.283490180969238,12.980874061584473,11.178814888000488,14.675520896911621,12.843722343444824,10.741130828857422,10.998838424682617,0.10945175438596491,0.06525364518165588,1561.609104578569,1755.0608224603704,3089.8245614035086,0.5692480206489563,0.5455856919288635,0.5532019138336182,0.552337110042572,0.4613819122314453,0.4486597180366516,0.4873315691947937,0.5445798635482788,0.616525411605835,0.6682605147361755,0.6910234689712524,0.6058129668235779
1001_IWW_DIS_XX.wav,-349.5726013183594,103.5713882446289,20.396286010742188,19.718896865844727,9.915200233459473,0.46553900837898254,-4.427506446838379,-6.7625274658203125,-7.789027214050293,-10.294888496398926,1.4381964206695557,-8.932937622070312,-4.288820743560791,100.21808624267578,38.56536102294922,25.879274368286133,15.963027000427246,21.119802474975586,13.067268371582031,13.602170944213867,11.284958839416504,10.797425270080566,15.534332275390625,12.636846542358398,11.057260513305664,8.050410270690918,0.10078502415458936,0.08943397551774979,1514.1529453873723,1759.9947466418414,3057.777777777778,0.5784068703651428,0.5440508127212524,0.5419995784759521,0.5959382653236389,0.5356314182281494,0.5421772599220276,0.554621696472168,0.578658938407898,0.6166509985923767,0.6851922273635864,0.7596964240074158,0.6509585380554199
1001_IWW_FEA_XX.wav,-423.6278381347656,93.9986572265625,18.489316940307617,24.172922134399414,10.388358116149902,0.5510309338569641,-3.5915157794952393,-6.9380202293396,-6.364177227020264,-11.373095512390137,0.6444376111030579,-11.28532600402832,-4.811156272888184,133.26211547851562,37.827980041503906,24.661277770996094,18.4614315032959,20.827253341674805,11.817882537841797,13.863323211669922,13.213846206665039,11.574122428894043,14.281286239624023,12.176862716674805,9.34780216217041,9.534937858581543,0.1090950226244344,0.05860463157296181,1618.5832443651716,1810.3180261516266,3211.945701357466,0.6657475233078003,0.6567232012748718,0.6223083138465881,0.5763931274414062,0.5473052263259888,0.4906722605228424,0.4873858690261841,0.4968309998512268,0.5299221873283386,0.6160839200019836,0.7318503856658936,0.7656320929527283
1001_IWW_HAP_XX.wav,-408.8210754394531,98.77371215820312,13.689117431640625,20.184621810913086,9.820327758789062,-1.1755958795547485,-4.648726940155029,-9.440086364746094,-10.280585289001465,-8.43635082244873,3.415484666824341,-11.171692848205566,-7.431265354156494,125.57266998291016,35.356990814208984,28.863521575927734,17.72764015197754,22.777084350585938,13.954970359802246,13.045058250427246,15.669458389282227,12.085346221923828,12.563608169555664,15.937747955322266,9.978501319885254,8.71498966217041,0.10559644670050762,0.059107791632413864,1549.7383922611493,1752.6448161281771,3057.055837563452,0.5995020270347595,0.5828697681427002,0.5646279454231262,0.581635594367981,0.5185967087745667,0.5000730752944946,0.5198712348937988,0.564780592918396,0.5614204406738281,0.6004406213760376,0.6460509896278381,0.6079154014587402
1001_IWW_NEU_XX.wav,-365.7417297363281,107.56005859375,21.047861099243164,18.06428337097168,5.601377487182617,2.2699496746063232,-7.735455513000488,-10.473751068115234,-7.935479164123535,-11.692748069763184,5.592963218688965,-11.999200820922852,-6.252352714538574,100.9466552734375,35.081939697265625,26.74919319152832,14.803455352783203,23.455001831054688,10.25985336303711,13.512413024902344,14.01474666595459,10.235097885131836,11.731122970581055,13.953585624694824,10.70210075378418,9.85565185546875,0.09001101321585904,0.08140253275632858,1442.480206059226,1730.7838357283906,2890.396475770925,0.6078689098358154,0.5610097646713257,0.5574460029602051,0.5894191265106201,0.5346813201904297,0.4841819405555725,0.48494964838027954,0.5114433765411377,0.5444306135177612,0.6321174502372742,0.7062771320343018,0.6686816811561584
1001_IWW_SAD_XX.wav,-338.7779846191406,102.16902160644531,27.218603134155273,22.234298706054688,11.5579195022583,4.046133041381836,0.2419421672821045,-4.91955041885376,-9.547561645507812,-8.071008682250977,0.9482261538505554,-10.187973022460938,-3.636171817779541,87.1434555053711,39.98331069946289,23.018383026123047,12.081366539001465,17.322927474975586,12.910402297973633,11.418561935424805,9.81843090057373,11.518474578857422,13.232220649719238,11.628682136535645,9.849538803100586,9.465897560119629,0.10403186274509803,0.09135895222425461,1514.3902312869145,1770.4725142031937,2992.7450980392155,0.663067638874054,0.6535338759422302,0.6033838391304016,0.601571261882782,0.6190742254257202,0.5306149125099182,0.5369213223457336,0.5834590792655945,0.626462996006012,0.6546668410301208,0.7001904249191284,0.728487491607666
1001_MTI_ANG_XX.wav,-414.29791259765625,104.35513305664062,23.794404983520508,30.394678115844727,-4.631391525268555,-9.199070930480957,-4.155542850494385,-12.762547492980957,-7.793612003326416,-16.373891830444336,0.43911367654800415,-9.445914268493652,-5.936431884765625,129.59068298339844,36.04214096069336,29.470762252807617,30.747453689575195,34.862098693847656,17.515140533447266,14.274388313293457,16.384187698364258,12.082003593444824,12.369030952453613,10.99871826171875,10.017487525939941,11.356243133544922,0.08758305647840531,0.07820053398609161,1352.8333007394206,1631.0864831742365,2620.7308970099666,0.6144248247146606,0.5466871857643127,0.5059345364570618,0.544921338558197,0.5014097690582275,0.494407057762146,0.4878084361553192,0.51202392578125,0.5303435921669006,0.5814458131790161,0.6820341348648071,0.651798665523529
1001_MTI_DIS_XX.wav,-408.43023681640625,112.66932678222656,26.660547256469727,27.702707290649414,2.140937328338623,-3.5336263179779053,-3.520754337310791,-10.07730770111084,-5.130478858947754,-11.687780380249023,-1.7901453971862793,-11.31857681274414,-2.764317274093628,107.49493408203125,30.762189865112305,26.154069900512695,21.325294494628906,30.860557556152344,15.307875633239746,14.08365249633789,14.724506378173828,11.507486343383789,11.775703430175781,10.0830659866333,10.293941497802734,11.159479141235352,0.07368197278911565,0.0738702341914177,1230.5295719141889,1622.2444661141926,2393.197278911565,0.6243056058883667,0.5939653515815735,0.5486770868301392,0.5557888150215149,0.5592656135559082,0.482176274061203,0.49265560507774353,0.5758311748504639,0.6104075908660889,0.6386947631835938,0.6691343784332275,0.6901865601539612
1001_MTI_FEA_XX.wav,-423.5377197265625,103.31864929199219,17.885454177856445,26.831796646118164,-1.6345547437667847,-9.04158878326416,-5.6620588302612305,-11.26431655883789,-9.012260437011719,-16.109603881835938,-3.277160406112671,-12.459593772888184,-3.6144368648529053,134.6756591796875,31.850982666015625,25.14446258544922,25.044448852539062,35.54098129272461,15.795297622680664,16.34048843383789,13.31229019165039,11.525521278381348,12.975382804870605,9.781006813049316,10.486717224121094,10.6751127243042,0.07620253164556963,0.08208724856376648,1315.221780166902,1625.237324060381,2550.7172995780593,0.5691847205162048,0.5664776563644409,0.549506664276123,0.5654395818710327,0.5937203764915466,0.49603763222694397,0.4822656214237213,0.5225334763526917,0.5442224740982056,0.6007623076438904,0.6335666179656982,0.6219822764396667
1001_MTI_HAP_XX.wav,-421.3248291015625,101.96758270263672,19.291385650634766,23.665199279785156,-2.6000759601593018,-9.501773834228516,-6.089008808135986,-8.816591262817383,-7.537725448608398,-17.453401565551758,0.6729936003684998,-8.581136703491211,-8.292291641235352,135.71109008789062,30.982545852661133,29.744155883789062,28.55909538269043,33.98487091064453,17.541276931762695,16.277740478515625,15.559093475341797,13.323925971984863,15.336161613464355,11.099043846130371,9.445591926574707,12.401030540466309,0.08598101265822784,0.07959878444671631,1382.173768755591,1665.4215135659292,2679.324894514768,0.5612783432006836,0.5632774829864502,0.5242195725440979,0.5375586748123169,0.5153709053993225,0.4552270174026489,0.47139087319374084,0.5384930372238159,0.5644034147262573,0.6128501296043396,0.6563991904258728,0.6199421882629395
1001_MTI_NEU_XX.wav,-386.5044250488281,109.8482666015625,21.00162696838379,27.95409393310547,-1.7230185270309448,-7.464751243591309,-3.0477516651153564,-10.305946350097656,-10.016165733337402,-17.071897506713867,-0.42542171478271484,-10.645125389099121,-6.397599697113037,113.24919128417969,30.228374481201172,24.0819034576416,26.79273223876953,34.49648666381836,18.71474838256836,14.495006561279297,11.9312744140625,11.736486434936523,13.44123649597168,9.696041107177734,9.146799087524414,12.86044979095459,0.07601731601731603,0.09190362691879272,1272.483079055236,1611.4027785304675,2525.8874458874457,0.6094208359718323,0.5342689156532288,0.5332098007202148,0.6119551062583923,0.5147963166236877,0.4479827284812927,0.4741417467594147,0.5320144891738892,0.5156264901161194,0.5573917031288147,0.6147522926330566,0.6139251589775085
1001_MTI_SAD_XX.wav,-400.5677795410156,114.1944808959961,24.178123474121094,27.388269424438477,6.121308326721191,-3.8024940490722656,-1.5899120569229126,-5.304542541503906,-6.647653102874756,-11.760534286499023,-2.405653476715088,-9.8773832321167,0.13264669477939606,94.71411895751953,31.483131408691406,22.77643585205078,22.531450271606445,26.259414672851562,15.630979537963867,14.114148139953613,9.383020401000977,9.378698348999023,11.450000762939453,9.43704891204834,10.117036819458008,11.173123359680176,0.07386363636363635,0.062380820512771606,1226.3408861054318,1612.1374451024876,2385.4545454545455,0.632152795791626,0.56512451171875,0.49396300315856934,0.495673269033432,0.5277801156044006,0.4831957519054413,0.5073137283325195,0.5680351257324219,0.6156074404716492,0.6718668937683105,0.7030283808708191,0.7120484709739685
1001_TAI_ANG_XX.wav,-435.00994873046875,92.94910430908203,23.46696662902832,26.048410415649414,-1.8790888786315918,-7.398552417755127,-5.638946056365967,-16.941205978393555,-5.450263023376465,-13.62175464630127,-2.4160749912261963,-10.434161186218262,-5.394815921783447,140.74546813964844,39.19430160522461,29.07590675354004,21.267070770263672,32.24153518676758,17.7414493560791,17.339563369750977,14.833223342895508,9.982091903686523,12.830428123474121,9.933919906616211,11.007797241210938,11.1464262008667,0.1187179487179487,0.058002982288599014,1637.3063680311718,1802.2803244379186,3293.5042735042734,0.6142003536224365,0.5920169949531555,0.5178404450416565,0.5026125907897949,0.46922051906585693,0.45079463720321655,0.4689931869506836,0.5358008146286011,0.5573315024375916,0.6222006678581238,0.7360262274742126,0.6838548183441162
1001_TAI_DIS_XX.wav,-396.28155517578125,99.74307250976562,26.79156494140625,25.09712791442871,3.444011926651001,-7.450438499450684,-5.709914684295654,-10.634790420532227,-6.686152458190918,-11.204224586486816,-1.4371767044067383,-10.54426097869873,-4.7933125495910645,108.31045532226562,42.59009552001953,27.91033935546875,22.728229522705078,28.10007095336914,18.427326202392578,16.669946670532227,13.222736358642578,9.925202369689941,11.01953125,10.193628311157227,9.942862510681152,10.253625869750977,0.117007299270073,0.06253375113010406,1565.268675320949,1745.2613569746477,3009.197080291971,0.6330770254135132,0.585402250289917,0.5294920206069946,0.5204054117202759,0.5485131740570068,0.4971112012863159,0.4992886781692505,0.558083176612854,0.6033604741096497,0.6571743488311768,0.7159954309463501,0.7357239723205566
1001_TAI_FEA_XX.wav,-442.8523864746094,93.35708618164062,22.7972354888916,22.379064559936523,1.2731727361679077,-5.313028812408447,-7.005964756011963,-13.900320053100586,-6.1356964111328125,-13.960143089294434,-3.477477788925171,-11.314497947692871,-6.235544681549072,150.9820556640625,33.02032470703125,27.64130210876465,18.943191528320312,35.625938415527344,17.849510192871094,15.302338600158691,15.970794677734375,9.175972938537598,11.828155517578125,8.992133140563965,10.50739574432373,8.884565353393555,0.10345435684647303,0.06840164959430695,1549.076593340377,1793.6344217786263,3077.0124481327803,0.5077425241470337,0.5006107687950134,0.48173508048057556,0.4854770004749298,0.46408239006996155,0.5254449844360352,0.5770256519317627,0.6268320083618164,0.6234365701675415,0.6489318013191223,0.6760475039482117,0.5837359428405762
1001_TAI_HAP_XX.wav,-450.7701110839844,95.84745025634766,24.827909469604492,26.845375061035156,2.0269269943237305,0.1278277486562729,-5.779664516448975,-13.277799606323242,-3.821725368499756,-14.168745994567871,-1.4060133695602417,-11.946516036987305,-5.804505825042725,133.93026733398438,31.763023376464844,25.384706497192383,16.007680892944336,35.19853591918945,15.194586753845215,16.84354019165039,16.764612197875977,8.720304489135742,11.107938766479492,10.079765319824219,9.24634838104248,8.868302345275879,0.09916334661354582,0.051056426018476486,1519.2599920829623,1809.2660096159905,3193.625498007968,0.5943496227264404,0.5783772468566895,0.5337954759597778,0.4826257824897766,0.45337122678756714,0.46727898716926575,0.5254900455474854,0.6173273324966431,0.6504620313644409,0.7110823392868042,0.7404822707176208,0.6890116930007935
1001_TAI_NEU_XX.wav,-437.6116027832031,99.92962646484375,28.791357040405273,29.92168426513672,6.551174640655518,-3.21451735496521,-8.717127799987793,-10.065155029296875,-3.2697501182556152,-14.949955940246582,-0.7465896606445312,-9.187599182128906,-5.195326805114746,96.8524169921875,37.68421173095703,27.461271286010742,23.247135162353516,26.91187286376953,15.999458312988281,17.75697898864746,13.070545196533203,11.213412284851074,11.858402252197266,10.170145034790039,10.86229419708252,8.534153938293457,0.09495136186770428,0.04249316081404686,1487.7354933538702,1751.3636904868567,2883.112840466926,0.6755949854850769,0.5905365943908691,0.5005195140838623,0.4773251414299011,0.48462554812431335,0.458501935005188,0.49486687779426575,0.5688095092773438,0.5983221530914307,0.632764458656311,0.7446884512901306,0.7961335778236389
1001_TAI_SAD_XX.wav,-378.4028625488281,104.06141662597656,29.209144592285156,28.200571060180664,11.585222244262695,-1.4560426473617554,-3.4047796726226807,-9.030145645141602,-7.474059581756592,-9.194369316101074,-1.9218097925186157,-9.286245346069336,-3.081728935241699,80.67997741699219,33.81494140625,22.390806198120117,17.710325241088867,20.99301528930664,15.377267837524414,12.628310203552246,13.158431053161621,8.948087692260742,10.467862129211426,9.587477684020996,10.689414024353027,9.703526496887207,0.0850355871886121,0.06568659096956253,1408.9922348231007,1773.8434126919133,2849.679715302491,0.6558388471603394,0.6038400530815125,0.5770540833473206,0.577716052532196,0.5897923111915588,0.5415164232254028,0.5724203586578369,0.6177557706832886,0.6598818898200989,0.6898435354232788,0.7249661087989807,0.7463452219963074
1001_TIE_ANG_XX.wav,-373.692626953125,96.5144271850586,9.186027526855469,34.412010192871094,9.430440902709961,-6.2086076736450195,-8.357090950012207,-1.9037563800811768,-1.996313214302063,-14.102388381958008,6.478387832641602,-14.165009498596191,-6.415848255157471,109.99024200439453,38.32907485961914,39.07929611206055,25.542442321777344,21.281909942626953,13.972892761230469,13.533767700195312,13.706457138061523,14.678089141845703,13.541485786437988,13.084711074829102,9.994019508361816,9.352290153503418,0.1219855305466238,0.07017545402050018,1645.2927948091706,1713.7337073060426,3220.4501607717043,0.5585916638374329,0.5261154174804688,0.527596652507782,0.5709646344184875,0.6344256401062012,0.5294654965400696,0.5098139047622681,0.5768389701843262,0.610702633857727,0.5921255946159363,0.6338623762130737,0.6573164463043213
1001_TIE_DIS_XX.wav,-366.0461120605469,106.5799560546875,0.7774255275726318,27.002124786376953,15.264962196350098,-5.780605316162109,-15.92963981628418,-6.473769664764404,-2.0561046600341797,-13.56966495513916,3.931933641433716,-12.631746292114258,-5.766458988189697,113.9842300415039,42.370140075683594,39.34648132324219,23.019859313964844,16.90352439880371,16.286983489990234,15.509699821472168,13.954967498779297,10.657851219177246,16.374876022338867,13.196578979492188,10.51228141784668,9.364267349243164,0.11726244343891402,0.08634118735790253,1537.9033835817943,1614.8524142693718,2899.7285067873304,0.5521941781044006,0.5641481280326843,0.5641846656799316,0.547175943851471,0.5146509408950806,0.5076689124107361,0.5293691754341125,0.5336116552352905,0.5426761507987976,0.6144765019416809,0.6590571999549866,0.6418478488922119
1001_TIE_FEA_XX.wav,-428.6817932128906,96.52961730957031,6.914702415466309,27.31393814086914,15.865227699279785,-7.155329704284668,-9.43892765045166,-5.393701076507568,-2.485132932662964,-12.655756950378418,0.5382300019264221,-10.114641189575195,-5.499925136566162,127.74700164794922,34.5053825378418,35.035160064697266,21.77415657043457,14.294454574584961,16.423625946044922,13.301013946533203,10.98340129852295,10.988821983337402,12.865442276000977,10.365691184997559,8.117201805114746,9.366037368774414,0.10637276785714286,0.04693195968866348,1562.5147898847288,1738.8301857627775,3076.785714285714,0.593717098236084,0.5895113348960876,0.5511404275894165,0.5908272862434387,0.5667737722396851,0.49676233530044556,0.47618812322616577,0.527107834815979,0.5509704351425171,0.6203011870384216,0.6898180246353149,0.6260989308357239
1001_TIE_HAP_XX.wav,-438.40777587890625,97.86032104492188,2.138026714324951,26.683691024780273,14.342672348022461,-10.437228202819824,-9.27937126159668,-4.471817493438721,-4.424188137054443,-15.040730476379395,3.9686620235443115,-11.60405158996582,-9.854743957519531,130.61166381835938,36.04658889770508,40.58574676513672,23.749378204345703,19.96468162536621,19.658069610595703,13.485407829284668,16.929048538208008,11.47375774383545,16.7354736328125,10.135638236999512,8.571309089660645,10.534871101379395,0.1062987012987013,0.05276831239461899,1552.0092159009744,1689.7654937308641,3087.4458874458874,0.5850435495376587,0.5674057602882385,0.5734544992446899,0.5658623576164246,0.5724433064460754,0.5071869492530823,0.5173700451850891,0.5459251999855042,0.5557496547698975,0.5528506636619568,0.6049538254737854,0.6531316637992859
1001_TIE_NEU_XX.wav,-419.60015869140625,106.54835510253906,12.35781192779541,32.07334899902344,13.836670875549316,1.3801976442337036,-8.792672157287598,-6.354611396789551,-2.0239923000335693,-10.258721351623535,3.184530735015869,-11.126922607421875,-5.649499893188477,109.8427734375,29.357866287231445,35.6796989440918,15.436984062194824,15.599956512451172,11.397375106811523,15.647798538208008,13.131680488586426,10.668231964111328,14.894108772277832,13.46293830871582,8.918832778930664,9.464956283569336,0.08241141732283463,0.04888029769062996,1395.5378389825555,1701.8839379948151,2883.6220472440946,0.6511959433555603,0.622819185256958,0.5931716561317444,0.5847198963165283,0.6102869510650635,0.5455597639083862,0.5313933491706848,0.5600619912147522,0.5878430604934692,0.6300843954086304,0.685127317905426,0.7228905558586121
1001_TIE_SAD_XX.wav,-378.55438232421875,97.67694091796875,18.008522033691406,31.746435165405273,18.723068237304688,-1.7561744451522827,-3.873650312423706,-3.6220321655273438,-3.496194839477539,-8.499321937561035,0.0725349634885788,-11.027231216430664,-4.862184524536133,87.21527099609375,28.436336517333984,27.377277374267578,14.270196914672852,11.626631736755371,12.751852035522461,13.081799507141113,11.761812210083008,10.126334190368652,11.2094144821167,10.336454391479492,8.157333374023438,7.935007095336914,0.09007401315789473,0.05387202650308609,1484.7428714043422,1820.3837969347067,3068.157894736842,0.6764000058174133,0.6398728489875793,0.6143725514411926,0.6075332760810852,0.592867374420166,0.5282086133956909,0.5467498898506165,0.6178053021430969,0.6549041271209717,0.6925421357154846,0.7562046051025391,0.7576143145561218
1001_TSI_ANG_XX.wav,-380.9382019042969,64.28627014160156,22.90456199645996,23.353404998779297,7.509228229522705,-0.9988953471183777,-9.772107124328613,-12.838098526000977,-5.828829288482666,-17.76113510131836,1.8770253658294678,-11.498684883117676,-6.816617488861084,155.0091552734375,50.5803337097168,27.377216339111328,20.537538528442383,20.200849533081055,15.788000106811523,15.34725284576416,17.5233154296875,10.09582233428955,12.285035133361816,12.635092735290527,10.094576835632324,9.935047149658203,0.20787848605577694,0.08569714426994324,2289.572494366966,1961.2506370586138,4197.131474103586,0.5703930258750916,0.5822156667709351,0.5653685331344604,0.5488330125808716,0.5402617454528809,0.46699824929237366,0.4920072555541992,0.5058818459510803,0.5268213748931885,0.5711897015571594,0.6421365737915039,0.685696005821228
1001_TSI_DIS_XX.wav,-367.33465576171875,68.42573547363281,28.31003761291504,21.416290283203125,12.880146026611328,3.0603110790252686,-7.624765872955322,-7.550529956817627,-4.105240821838379,-10.803524017333984,1.9985334873199463,-11.747345924377441,-2.120577812194824,122.16497802734375,55.28904724121094,23.87541961669922,14.452648162841797,17.770593643188477,10.97417163848877,13.380794525146484,12.73549747467041,9.977837562561035,9.5441255569458,12.023193359375,9.087221145629883,9.420663833618164,0.21399769585253456,0.0729469284415245,2302.5608021434273,1968.426520932653,4219.723502304148,0.6256969571113586,0.6474745869636536,0.6253162622451782,0.553191602230072,0.49303576350212097,0.42133092880249023,0.4348619878292084,0.48613759875297546,0.5523293614387512,0.6736273169517517,0.7419238090515137,0.7458164691925049
1001_TSI_FEA_XX.wav,-443.84619140625,63.88638687133789,20.393444061279297,15.479755401611328,10.287696838378906,-2.6703743934631348,-7.533318042755127,-11.576007843017578,-6.6484785079956055,-12.52254867553711,-0.736323893070221,-11.319064140319824,-4.561502933502197,165.8943328857422,38.66982650756836,30.797481536865234,17.568321228027344,15.857281684875488,17.75718116760254,15.187971115112305,15.310011863708496,8.780129432678223,10.743206977844238,9.96534538269043,10.173062324523926,8.50642204284668,0.1694240837696335,0.06190967187285423,2053.380707949199,1954.9558458783388,3825.130890052356,0.6322306394577026,0.608462929725647,0.5713993906974792,0.5060493350028992,0.42471808195114136,0.3629928529262543,0.3957728445529938,0.4753551483154297,0.5201296806335449,0.613415002822876,0.7294125556945801,0.7426746487617493
1001_TSI_HAP_XX.wav,-444.97509765625,75.84970092773438,17.082897186279297,20.99063491821289,14.793893814086914,-4.053116798400879,-8.925835609436035,-9.802999496459961,-6.237664699554443,-13.054498672485352,-2.579490900039673,-12.137184143066406,-4.950413703918457,153.98635864257812,36.95595932006836,26.658992767333984,19.12794303894043,13.706888198852539,18.2807674407959,14.888544082641602,15.57728385925293,8.217428207397461,9.871201515197754,10.25650405883789,9.668190956115723,9.958991050720215,0.14682027649769586,0.052632998675107956,1932.153921308865,1950.8938494160602,3711.1520737327187,0.654448390007019,0.5851556658744812,0.5478619933128357,0.5059375762939453,0.4906627833843231,0.43112242221832275,0.42876872420310974,0.4810819625854492,0.5388437509536743,0.6342052817344666,0.7107559442520142,0.7845166325569153
1001_TSI_NEU_XX.wav,-379.0089416503906,81.91161346435547,29.098548889160156,25.515377044677734,15.450270652770996,3.533651828765869,-9.08691120147705,-8.141983032226562,-5.706599235534668,-12.873868942260742,1.352159023284912,-14.140678405761719,-3.2548868656158447,120.49311828613281,42.18045425415039,20.69047737121582,12.226581573486328,16.236305236816406,11.92953109741211,18.560405731201172,14.132030487060547,8.711166381835938,11.49006462097168,11.275375366210938,10.828855514526367,9.23657512664795,0.14273565573770491,0.07552286237478256,1866.0083363690694,1943.463519607208,3698.1967213114754,0.6361435055732727,0.6139688491821289,0.5654246807098389,0.5372668504714966,0.47105076909065247,0.44158604741096497,0.4905445873737335,0.5683575868606567,0.6076866984367371,0.6736882925033569,0.7598775625228882,0.7002944946289062
1001_TSI_SAD_XX.wav,-364.6205749511719,87.48270416259766,30.60129165649414,25.04745101928711,17.430740356445312,3.5374104976654053,-4.898583889007568,-4.628623962402344,-6.277649879455566,-11.388708114624023,0.12114347517490387,-10.281881332397461,-5.058139324188232,106.49472045898438,43.59149932861328,19.89148712158203,11.723386764526367,14.425429344177246,11.236550331115723,12.684821128845215,13.637777328491211,9.469364166259766,9.316991806030273,10.96597957611084,8.765618324279785,9.488066673278809,0.12860557768924302,0.07789415121078491,1748.8389983089123,1894.6300650069786,3409.2430278884462,0.7318618297576904,0.6680358648300171,0.5821183323860168,0.5064395070075989,0.4836333990097046,0.4407433867454529,0.48115473985671997,0.5531857013702393,0.6181084513664246,0.6603466272354126,0.7320511341094971,0.7988167405128479
1001_WSI_ANG_XX.wav,-412.4690856933594,86.3372573852539,16.285167694091797,20.179351806640625,-1.4432119131088257,-2.7215912342071533,-8.090757369995117,-9.431692123413086,-6.611045837402344,-17.507959365844727,4.243778705596924,-10.799616813659668,-3.0407934188842773,130.4099578857422,49.97535705566406,31.362682342529297,25.09553337097168,29.816373825073242,17.88456916809082,16.68885040283203,13.966924667358398,9.720824241638184,11.690681457519531,12.804459571838379,9.82264232635498,10.223597526550293,0.1632390510948905,0.05667585879564285,1882.8660013453252,1748.287333778267,3457.956204379562,0.5915050506591797,0.5531264543533325,0.4916480481624603,0.44522619247436523,0.4412381947040558,0.39364010095596313,0.41365495324134827,0.5059206485748291,0.5511536002159119,0.5666934847831726,0.6751248836517334,0.6810590028762817
1001_WSI_DIS_XX.wav,-412.6195068359375,94.76944732666016,21.73360252380371,21.650907516479492,10.953557014465332,2.536097764968872,-4.6609086990356445,-5.49837589263916,-8.580872535705566,-10.829850196838379,0.6632528305053711,-12.085747718811035,-3.7460415363311768,108.40277099609375,41.75578308105469,27.293563842773438,21.203975677490234,20.606727600097656,15.092982292175293,13.376800537109375,12.949892044067383,11.03373908996582,12.155351638793945,10.995744705200195,9.37789249420166,10.083709716796875,0.12450374531835205,0.048092346638441086,1667.2467074473725,1788.5313188520051,3235.505617977528,0.6164667010307312,0.6033309698104858,0.5466256141662598,0.512665867805481,0.5026828050613403,0.47959157824516296,0.5132423043251038,0.5536755323410034,0.6002151966094971,0.6632431149482727,0.7118948101997375,0.7029942870140076
1001_WSI_FEA_XX.wav,-444.23199462890625,85.05291748046875,14.186038970947266,15.412710189819336,5.31605339050293,-5.12654447555542,-7.84905481338501,-8.587839126586914,-8.429369926452637,-13.146331787109375,1.562434196472168,-8.158965110778809,-6.36005163192749,153.0137176513672,40.6793098449707,31.680675506591797,23.53331184387207,25.429716110229492,20.15034294128418,14.986696243286133,14.424081802368164,11.975175857543945,11.13094711303711,11.030516624450684,8.428601264953613,8.77199649810791,0.1307371794871795,0.059631265699863434,1712.288740201475,1774.3129570228436,3221.5384615384614,0.5457249879837036,0.49307557940483093,0.4570581018924713,0.4484366774559021,0.4104517996311188,0.3996456265449524,0.4421578645706177,0.5140843391418457,0.5641078948974609,0.6738935708999634,0.7649663090705872,0.6754342913627625
1001_WSI_HAP_XX.wav,-426.023681640625,88.32926940917969,14.361202239990234,17.627559661865234,4.680107593536377,-4.879622936248779,-5.297638416290283,-10.927299499511719,-8.205110549926758,-13.70081615447998,-1.1830151081085205,-9.376282691955566,-6.457411766052246,144.93431091308594,40.11020278930664,29.540149688720703,21.830669403076172,26.767845153808594,18.31438446044922,15.651032447814941,12.866287231445312,11.047845840454102,12.235058784484863,11.882135391235352,8.26957893371582,8.955436706542969,0.13175555555555557,0.06480228155851364,1735.7177848494493,1794.7499697216026,3329.9555555555557,0.5548351407051086,0.517615020275116,0.500153660774231,0.5277180075645447,0.5021876096725464,0.4356535077095032,0.45356371998786926,0.5053032040596008,0.5743370652198792,0.646206259727478,0.682829737663269,0.674332320690155
1001_WSI_NEU_XX.wav,-419.47808837890625,96.90129852294922,22.56834602355957,23.971694946289062,6.562574863433838,4.297740936279297,-4.587765216827393,-10.285863876342773,-6.015838146209717,-12.208746910095215,1.6860817670822144,-10.748311996459961,-5.368680000305176,123.83853912353516,39.20261001586914,27.121387481689453,20.114835739135742,26.22726058959961,14.64211368560791,13.213865280151367,14.751533508300781,9.315478324890137,10.793318748474121,12.268040657043457,10.053135871887207,10.82790470123291,0.10826642335766426,0.05343395471572876,1573.1618163205237,1768.2634850607074,3139.124087591241,0.5658355951309204,0.5122449994087219,0.47000694274902344,0.46555668115615845,0.4450260400772095,0.489452064037323,0.5267285704612732,0.5761694312095642,0.6347175240516663,0.7001436948776245,0.7673292756080627,0.6547152400016785
1001_WSI_SAD_XX.wav,-394.2730407714844,100.44283294677734,22.219585418701172,22.914718627929688,12.212645530700684,0.8139135837554932,-2.4973719120025635,-7.033308029174805,-6.906246185302734,-6.5721259117126465,0.48106709122657776,-10.663019180297852,-3.0831873416900635,96.62091064453125,41.193119049072266,24.93463897705078,15.051868438720703,20.091821670532227,13.575233459472656,13.232002258300781,12.596570014953613,10.901653289794922,11.94835090637207,12.138340950012207,7.760553359985352,9.714959144592285,0.1083974358974359,0.05338655784726143,1540.3771963520383,1752.5311301423303,3014.7008547008545,0.6992107033729553,0.6332623958587646,0.578068196773529,0.543870210647583,0.5469248294830322,0.5000243186950684,0.5142990946769714,0.5667969584465027,0.6101191639900208,0.639569878578186,0.6994012594223022,0.7560458183288574
