File Name,Actor Folder,Duration (s)
03-01-01-01-01-01-01.wav,Actor_01,3.3
03-01-01-01-01-02-01.wav,Actor_01,3.34
03-01-01-01-02-01-01.wav,Actor_01,3.27
03-01-01-01-02-02-01.wav,Actor_01,3.17
03-01-02-01-01-01-01.wav,Actor_01,3.54
03-01-02-01-01-02-01.wav,Actor_01,3.6
03-01-02-01-02-01-01.wav,Actor_01,3.5
03-01-02-01-02-02-01.wav,Actor_01,3.47
03-01-02-02-01-01-01.wav,Actor_01,3.7
03-01-02-02-01-02-01.wav,Actor_01,4.0
03-01-02-02-02-01-01.wav,Actor_01,4.2
03-01-02-02-02-02-01.wav,Actor_01,4.0
03-01-03-01-01-01-01.wav,Actor_01,3.47
03-01-03-01-01-02-01.wav,Actor_01,3.47
03-01-03-01-02-01-01.wav,Actor_01,3.54
03-01-03-01-02-02-01.wav,Actor_01,3.7
03-01-03-02-01-01-01.wav,Actor_01,3.67
03-01-03-02-01-02-01.wav,Actor_01,3.64
03-01-03-02-02-01-01.wav,Actor_01,3.94
03-01-03-02-02-02-01.wav,Actor_01,3.94
03-01-04-01-01-01-01.wav,Actor_01,3.84
03-01-04-01-01-02-01.wav,Actor_01,3.57
03-01-04-01-02-01-01.wav,Actor_01,3.5
03-01-04-01-02-02-01.wav,Actor_01,3.37
03-01-04-02-01-01-01.wav,Actor_01,3.8
03-01-04-02-01-02-01.wav,Actor_01,3.7
03-01-04-02-02-01-01.wav,Actor_01,3.74
03-01-04-02-02-02-01.wav,Actor_01,3.74
03-01-05-01-01-01-01.wav,Actor_01,3.87
03-01-05-01-01-02-01.wav,Actor_01,3.94
03-01-05-01-02-01-01.wav,Actor_01,3.5
03-01-05-01-02-02-01.wav,Actor_01,3.74
03-01-05-02-01-01-01.wav,Actor_01,4.1
03-01-05-02-01-02-01.wav,Actor_01,4.37
03-01-05-02-02-01-01.wav,Actor_01,4.14
03-01-05-02-02-02-01.wav,Actor_01,4.44
03-01-06-01-01-01-01.wav,Actor_01,3.67
03-01-06-01-01-02-01.wav,Actor_01,3.64
03-01-06-01-02-01-01.wav,Actor_01,3.44
03-01-06-01-02-02-01.wav,Actor_01,3.7
03-01-06-02-01-01-01.wav,Actor_01,5.0
03-01-06-02-01-02-01.wav,Actor_01,4.24
03-01-06-02-02-01-01.wav,Actor_01,3.97
03-01-06-02-02-02-01.wav,Actor_01,3.9
03-01-07-01-01-01-01.wav,Actor_01,3.87
03-01-07-01-01-02-01.wav,Actor_01,3.9
03-01-07-01-02-01-01.wav,Actor_01,3.9
03-01-07-01-02-02-01.wav,Actor_01,3.84
03-01-07-02-01-01-01.wav,Actor_01,4.3
03-01-07-02-01-02-01.wav,Actor_01,4.1
03-01-07-02-02-01-01.wav,Actor_01,4.04
03-01-07-02-02-02-01.wav,Actor_01,4.37
03-01-08-01-01-01-01.wav,Actor_01,3.4
03-01-08-01-01-02-01.wav,Actor_01,3.27
03-01-08-01-02-01-01.wav,Actor_01,3.54
03-01-08-01-02-02-01.wav,Actor_01,3.27
03-01-08-02-01-01-01.wav,Actor_01,3.44
03-01-08-02-01-02-01.wav,Actor_01,3.57
03-01-08-02-02-01-01.wav,Actor_01,3.5
03-01-08-02-02-02-01.wav,Actor_01,3.27
03-01-01-01-01-01-02.wav,Actor_02,3.64
03-01-01-01-01-02-02.wav,Actor_02,3.6
03-01-01-01-02-01-02.wav,Actor_02,3.77
03-01-01-01-02-02-02.wav,Actor_02,3.6
03-01-02-01-01-01-02.wav,Actor_02,3.84
03-01-02-01-01-02-02.wav,Actor_02,4.0
03-01-02-01-02-01-02.wav,Actor_02,3.84
03-01-02-01-02-02-02.wav,Actor_02,3.97
03-01-02-02-01-01-02.wav,Actor_02,4.14
03-01-02-02-01-02-02.wav,Actor_02,4.04
03-01-02-02-02-01-02.wav,Actor_02,4.1
03-01-02-02-02-02-02.wav,Actor_02,4.1
03-01-03-01-01-01-02.wav,Actor_02,3.6
03-01-03-01-01-02-02.wav,Actor_02,3.7
03-01-03-01-02-01-02.wav,Actor_02,3.77
03-01-03-01-02-02-02.wav,Actor_02,3.74
03-01-03-02-01-01-02.wav,Actor_02,3.7
03-01-03-02-01-02-02.wav,Actor_02,3.67
03-01-03-02-02-01-02.wav,Actor_02,3.7
03-01-03-02-02-02-02.wav,Actor_02,3.87
03-01-04-01-01-01-02.wav,Actor_02,3.84
03-01-04-01-01-02-02.wav,Actor_02,3.77
03-01-04-01-02-01-02.wav,Actor_02,3.74
03-01-04-01-02-02-02.wav,Actor_02,3.77
03-01-04-02-01-01-02.wav,Actor_02,3.74
03-01-04-02-01-02-02.wav,Actor_02,3.77
03-01-04-02-02-01-02.wav,Actor_02,3.7
03-01-04-02-02-02-02.wav,Actor_02,3.67
03-01-05-01-01-01-02.wav,Actor_02,3.67
03-01-05-01-01-02-02.wav,Actor_02,3.67
03-01-05-01-02-01-02.wav,Actor_02,3.77
03-01-05-01-02-02-02.wav,Actor_02,3.8
03-01-05-02-01-01-02.wav,Actor_02,3.9
03-01-05-02-01-02-02.wav,Actor_02,4.0
03-01-05-02-02-01-02.wav,Actor_02,4.0
03-01-05-02-02-02-02.wav,Actor_02,4.0
03-01-06-01-01-01-02.wav,Actor_02,3.64
03-01-06-01-01-02-02.wav,Actor_02,3.74
03-01-06-01-02-01-02.wav,Actor_02,3.67
03-01-06-01-02-02-02.wav,Actor_02,3.74
03-01-06-02-01-01-02.wav,Actor_02,3.8
03-01-06-02-01-02-02.wav,Actor_02,3.64
03-01-06-02-02-01-02.wav,Actor_02,3.6
03-01-06-02-02-02-02.wav,Actor_02,3.6
03-01-07-01-01-01-02.wav,Actor_02,3.67
03-01-07-01-01-02-02.wav,Actor_02,3.64
03-01-07-01-02-01-02.wav,Actor_02,3.87
03-01-07-01-02-02-02.wav,Actor_02,3.84
03-01-07-02-01-01-02.wav,Actor_02,4.14
03-01-07-02-01-02-02.wav,Actor_02,4.14
03-01-07-02-02-01-02.wav,Actor_02,4.0
03-01-07-02-02-02-02.wav,Actor_02,4.04
03-01-08-01-01-01-02.wav,Actor_02,3.54
03-01-08-01-01-02-02.wav,Actor_02,3.54
03-01-08-01-02-01-02.wav,Actor_02,3.6
03-01-08-01-02-02-02.wav,Actor_02,3.54
03-01-08-02-01-01-02.wav,Actor_02,3.74
03-01-08-02-01-02-02.wav,Actor_02,3.77
03-01-08-02-02-01-02.wav,Actor_02,3.74
03-01-08-02-02-02-02.wav,Actor_02,3.8
03-01-01-01-01-01-03.wav,Actor_03,3.44
03-01-01-01-01-02-03.wav,Actor_03,3.5
03-01-01-01-02-01-03.wav,Actor_03,3.5
03-01-01-01-02-02-03.wav,Actor_03,3.47
03-01-02-01-01-01-03.wav,Actor_03,3.84
03-01-02-01-01-02-03.wav,Actor_03,3.74
03-01-02-01-02-01-03.wav,Actor_03,3.84
03-01-02-01-02-02-03.wav,Actor_03,3.97
03-01-02-02-01-01-03.wav,Actor_03,4.04
03-01-02-02-01-02-03.wav,Actor_03,3.97
03-01-02-02-02-01-03.wav,Actor_03,4.14
03-01-02-02-02-02-03.wav,Actor_03,4.0
03-01-03-01-01-01-03.wav,Actor_03,3.77
03-01-03-01-01-02-03.wav,Actor_03,3.6
03-01-03-01-02-01-03.wav,Actor_03,3.5
03-01-03-01-02-02-03.wav,Actor_03,3.5
03-01-03-02-01-01-03.wav,Actor_03,4.3
03-01-03-02-01-02-03.wav,Actor_03,4.4
03-01-03-02-02-01-03.wav,Actor_03,4.14
03-01-03-02-02-02-03.wav,Actor_03,3.84
03-01-04-01-01-01-03.wav,Actor_03,3.6
03-01-04-01-01-02-03.wav,Actor_03,3.57
03-01-04-01-02-01-03.wav,Actor_03,3.57
03-01-04-01-02-02-03.wav,Actor_03,3.54
03-01-04-02-01-01-03.wav,Actor_03,3.77
03-01-04-02-01-02-03.wav,Actor_03,3.84
03-01-04-02-02-01-03.wav,Actor_03,3.47
03-01-04-02-02-02-03.wav,Actor_03,3.7
03-01-05-01-01-01-03.wav,Actor_03,4.0
03-01-05-01-01-02-03.wav,Actor_03,4.07
03-01-05-01-02-01-03.wav,Actor_03,3.8
03-01-05-01-02-02-03.wav,Actor_03,3.84
03-01-05-02-01-01-03.wav,Actor_03,4.4
03-01-05-02-01-02-03.wav,Actor_03,4.4
03-01-05-02-02-01-03.wav,Actor_03,4.24
03-01-05-02-02-02-03.wav,Actor_03,4.5
03-01-06-01-01-01-03.wav,Actor_03,3.74
03-01-06-01-01-02-03.wav,Actor_03,3.84
03-01-06-01-02-01-03.wav,Actor_03,3.5
03-01-06-01-02-02-03.wav,Actor_03,3.2
03-01-06-02-01-01-03.wav,Actor_03,3.3
03-01-06-02-01-02-03.wav,Actor_03,3.9
03-01-06-02-02-01-03.wav,Actor_03,3.3
03-01-06-02-02-02-03.wav,Actor_03,3.44
03-01-07-01-01-01-03.wav,Actor_03,4.04
03-01-07-01-01-02-03.wav,Actor_03,3.97
03-01-07-01-02-01-03.wav,Actor_03,3.6
03-01-07-01-02-02-03.wav,Actor_03,3.77
03-01-07-02-01-01-03.wav,Actor_03,4.1
03-01-07-02-01-02-03.wav,Actor_03,4.1
03-01-07-02-02-01-03.wav,Actor_03,3.84
03-01-07-02-02-02-03.wav,Actor_03,3.94
03-01-08-01-01-01-03.wav,Actor_03,3.24
03-01-08-01-01-02-03.wav,Actor_03,3.37
03-01-08-01-02-01-03.wav,Actor_03,3.2
03-01-08-01-02-02-03.wav,Actor_03,3.57
03-01-08-02-01-01-03.wav,Actor_03,3.27
03-01-08-02-01-02-03.wav,Actor_03,3.6
03-01-08-02-02-01-03.wav,Actor_03,3.5
03-01-08-02-02-02-03.wav,Actor_03,3.24
03-01-01-01-01-01-04.wav,Actor_04,3.3
03-01-01-01-01-02-04.wav,Actor_04,3.37
03-01-01-01-02-01-04.wav,Actor_04,3.27
03-01-01-01-02-02-04.wav,Actor_04,3.24
03-01-02-01-01-01-04.wav,Actor_04,3.8
03-01-02-01-01-02-04.wav,Actor_04,3.74
03-01-02-01-02-01-04.wav,Actor_04,3.64
03-01-02-01-02-02-04.wav,Actor_04,3.57
03-01-02-02-01-01-04.wav,Actor_04,3.97
03-01-02-02-01-02-04.wav,Actor_04,3.8
03-01-02-02-02-01-04.wav,Actor_04,3.8
03-01-02-02-02-02-04.wav,Actor_04,4.04
03-01-03-01-01-01-04.wav,Actor_04,3.5
03-01-03-01-01-02-04.wav,Actor_04,3.54
03-01-03-01-02-01-04.wav,Actor_04,3.5
03-01-03-01-02-02-04.wav,Actor_04,3.44
03-01-03-02-01-01-04.wav,Actor_04,3.87
03-01-03-02-01-02-04.wav,Actor_04,3.57
03-01-03-02-02-01-04.wav,Actor_04,3.6
03-01-03-02-02-02-04.wav,Actor_04,3.77
03-01-04-01-01-01-04.wav,Actor_04,3.37
03-01-04-01-01-02-04.wav,Actor_04,3.4
03-01-04-01-02-01-04.wav,Actor_04,3.44
03-01-04-01-02-02-04.wav,Actor_04,3.47
03-01-04-02-01-01-04.wav,Actor_04,3.67
03-01-04-02-01-02-04.wav,Actor_04,3.77
03-01-04-02-02-01-04.wav,Actor_04,3.77
03-01-04-02-02-02-04.wav,Actor_04,3.77
03-01-05-01-01-01-04.wav,Actor_04,3.7
03-01-05-01-01-02-04.wav,Actor_04,3.6
03-01-05-01-02-01-04.wav,Actor_04,3.47
03-01-05-01-02-02-04.wav,Actor_04,3.74
03-01-05-02-01-01-04.wav,Actor_04,3.77
03-01-05-02-01-02-04.wav,Actor_04,3.87
03-01-05-02-02-01-04.wav,Actor_04,3.7
03-01-05-02-02-02-04.wav,Actor_04,3.84
03-01-06-01-01-01-04.wav,Actor_04,3.3
03-01-06-01-01-02-04.wav,Actor_04,3.24
03-01-06-01-02-01-04.wav,Actor_04,3.47
03-01-06-01-02-02-04.wav,Actor_04,3.47
03-01-06-02-01-01-04.wav,Actor_04,3.94
03-01-06-02-01-02-04.wav,Actor_04,3.4
03-01-06-02-02-01-04.wav,Actor_04,3.6
03-01-06-02-02-02-04.wav,Actor_04,3.57
03-01-07-01-01-01-04.wav,Actor_04,3.9
03-01-07-01-01-02-04.wav,Actor_04,3.9
03-01-07-01-02-01-04.wav,Actor_04,3.77
03-01-07-01-02-02-04.wav,Actor_04,3.8
03-01-07-02-01-01-04.wav,Actor_04,4.0
03-01-07-02-01-02-04.wav,Actor_04,4.04
03-01-07-02-02-01-04.wav,Actor_04,3.87
03-01-07-02-02-02-04.wav,Actor_04,3.94
03-01-08-01-01-01-04.wav,Actor_04,3.24
03-01-08-01-01-02-04.wav,Actor_04,3.34
03-01-08-01-02-01-04.wav,Actor_04,3.64
03-01-08-01-02-02-04.wav,Actor_04,3.44
03-01-08-02-01-01-04.wav,Actor_04,3.67
03-01-08-02-01-02-04.wav,Actor_04,3.57
03-01-08-02-02-01-04.wav,Actor_04,3.47
03-01-08-02-02-02-04.wav,Actor_04,3.54
03-01-01-01-01-01-05.wav,Actor_05,3.6
03-01-01-01-01-02-05.wav,Actor_05,3.64
03-01-01-01-02-01-05.wav,Actor_05,3.1
03-01-01-01-02-02-05.wav,Actor_05,3.6
03-01-02-01-01-01-05.wav,Actor_05,4.04
03-01-02-01-01-02-05.wav,Actor_05,4.1
03-01-02-01-02-01-05.wav,Actor_05,4.14
03-01-02-01-02-02-05.wav,Actor_05,4.24
03-01-02-02-01-01-05.wav,Actor_05,4.74
03-01-02-02-01-02-05.wav,Actor_05,4.5
03-01-02-02-02-01-05.wav,Actor_05,4.77
03-01-02-02-02-02-05.wav,Actor_05,4.3
03-01-03-01-01-01-05.wav,Actor_05,4.0
03-01-03-01-01-02-05.wav,Actor_05,3.24
03-01-03-01-02-01-05.wav,Actor_05,3.37
03-01-03-01-02-02-05.wav,Actor_05,3.77
03-01-03-02-01-01-05.wav,Actor_05,4.14
03-01-03-02-01-02-05.wav,Actor_05,3.87
03-01-03-02-02-01-05.wav,Actor_05,3.6
03-01-03-02-02-02-05.wav,Actor_05,3.4
03-01-04-01-01-01-05.wav,Actor_05,3.27
03-01-04-01-01-02-05.wav,Actor_05,3.64
03-01-04-01-02-01-05.wav,Actor_05,3.1
03-01-04-01-02-02-05.wav,Actor_05,3.7
03-01-04-02-01-01-05.wav,Actor_05,3.54
03-01-04-02-01-02-05.wav,Actor_05,3.27
03-01-04-02-02-01-05.wav,Actor_05,3.27
03-01-04-02-02-02-05.wav,Actor_05,3.14
03-01-05-01-01-01-05.wav,Actor_05,3.87
03-01-05-01-01-02-05.wav,Actor_05,3.8
03-01-05-01-02-01-05.wav,Actor_05,4.07
03-01-05-01-02-02-05.wav,Actor_05,4.4
03-01-05-02-01-01-05.wav,Actor_05,3.4
03-01-05-02-01-02-05.wav,Actor_05,3.57
03-01-05-02-02-01-05.wav,Actor_05,3.64
03-01-05-02-02-02-05.wav,Actor_05,3.64
03-01-06-01-01-01-05.wav,Actor_05,3.14
03-01-06-01-01-02-05.wav,Actor_05,3.37
03-01-06-01-02-01-05.wav,Actor_05,3.14
03-01-06-01-02-02-05.wav,Actor_05,3.07
03-01-06-02-01-01-05.wav,Actor_05,3.24
03-01-06-02-01-02-05.wav,Actor_05,3.57
03-01-06-02-02-01-05.wav,Actor_05,3.24
03-01-06-02-02-02-05.wav,Actor_05,3.1
03-01-07-01-01-01-05.wav,Actor_05,4.34
03-01-07-01-01-02-05.wav,Actor_05,4.1
03-01-07-01-02-01-05.wav,Actor_05,3.9
03-01-07-01-02-02-05.wav,Actor_05,3.74
03-01-07-02-01-01-05.wav,Actor_05,4.34
03-01-07-02-01-02-05.wav,Actor_05,3.9
03-01-07-02-02-01-05.wav,Actor_05,4.27
03-01-07-02-02-02-05.wav,Actor_05,4.54
03-01-08-01-01-01-05.wav,Actor_05,3.74
03-01-08-01-01-02-05.wav,Actor_05,3.67
03-01-08-01-02-01-05.wav,Actor_05,3.07
03-01-08-01-02-02-05.wav,Actor_05,3.7
03-01-08-02-01-01-05.wav,Actor_05,4.14
03-01-08-02-01-02-05.wav,Actor_05,4.1
03-01-08-02-02-01-05.wav,Actor_05,3.67
03-01-08-02-02-02-05.wav,Actor_05,3.54
03-01-01-01-01-01-06.wav,Actor_06,3.34
03-01-01-01-01-02-06.wav,Actor_06,3.6
03-01-01-01-02-01-06.wav,Actor_06,3.4
03-01-01-01-02-02-06.wav,Actor_06,3.44
03-01-02-01-01-01-06.wav,Actor_06,4.04
03-01-02-01-01-02-06.wav,Actor_06,4.1
03-01-02-01-02-01-06.wav,Actor_06,3.97
03-01-02-01-02-02-06.wav,Actor_06,4.2
03-01-02-02-01-01-06.wav,Actor_06,4.5
03-01-02-02-01-02-06.wav,Actor_06,4.64
03-01-02-02-02-01-06.wav,Actor_06,4.34
03-01-02-02-02-02-06.wav,Actor_06,4.77
03-01-03-01-01-01-06.wav,Actor_06,3.54
03-01-03-01-01-02-06.wav,Actor_06,3.6
03-01-03-01-02-01-06.wav,Actor_06,3.47
03-01-03-01-02-02-06.wav,Actor_06,3.44
03-01-03-02-01-01-06.wav,Actor_06,3.5
03-01-03-02-01-02-06.wav,Actor_06,3.47
03-01-03-02-02-01-06.wav,Actor_06,3.57
03-01-03-02-02-02-06.wav,Actor_06,3.6
03-01-04-01-01-01-06.wav,Actor_06,3.57
03-01-04-01-01-02-06.wav,Actor_06,3.6
03-01-04-01-02-01-06.wav,Actor_06,3.47
03-01-04-01-02-02-06.wav,Actor_06,3.44
03-01-04-02-01-01-06.wav,Actor_06,4.2
03-01-04-02-01-02-06.wav,Actor_06,4.1
03-01-04-02-02-01-06.wav,Actor_06,4.6
03-01-04-02-02-02-06.wav,Actor_06,4.04
03-01-05-01-01-01-06.wav,Actor_06,3.77
03-01-05-01-01-02-06.wav,Actor_06,3.97
03-01-05-01-02-01-06.wav,Actor_06,4.2
03-01-05-01-02-02-06.wav,Actor_06,3.9
03-01-05-02-01-01-06.wav,Actor_06,4.1
03-01-05-02-01-02-06.wav,Actor_06,4.2
03-01-05-02-02-01-06.wav,Actor_06,4.44
03-01-05-02-02-02-06.wav,Actor_06,4.47
03-01-06-01-01-01-06.wav,Actor_06,3.64
03-01-06-01-01-02-06.wav,Actor_06,3.44
03-01-06-01-02-01-06.wav,Actor_06,3.57
03-01-06-01-02-02-06.wav,Actor_06,3.5
03-01-06-02-01-01-06.wav,Actor_06,3.64
03-01-06-02-01-02-06.wav,Actor_06,3.6
03-01-06-02-02-01-06.wav,Actor_06,3.74
03-01-06-02-02-02-06.wav,Actor_06,3.74
03-01-07-01-01-01-06.wav,Actor_06,3.5
03-01-07-01-01-02-06.wav,Actor_06,4.27
03-01-07-01-02-01-06.wav,Actor_06,3.74
03-01-07-01-02-02-06.wav,Actor_06,3.94
03-01-07-02-01-01-06.wav,Actor_06,4.3
03-01-07-02-01-02-06.wav,Actor_06,3.94
03-01-07-02-02-01-06.wav,Actor_06,4.04
03-01-07-02-02-02-06.wav,Actor_06,3.97
03-01-08-01-01-01-06.wav,Actor_06,3.24
03-01-08-01-01-02-06.wav,Actor_06,3.24
03-01-08-01-02-01-06.wav,Actor_06,3.2
03-01-08-01-02-02-06.wav,Actor_06,3.14
03-01-08-02-01-01-06.wav,Actor_06,3.24
03-01-08-02-01-02-06.wav,Actor_06,3.37
03-01-08-02-02-01-06.wav,Actor_06,3.3
03-01-08-02-02-02-06.wav,Actor_06,3.2
03-01-01-01-01-01-07.wav,Actor_07,3.9
03-01-01-01-01-02-07.wav,Actor_07,3.8
03-01-01-01-02-01-07.wav,Actor_07,4.14
03-01-01-01-02-02-07.wav,Actor_07,3.74
03-01-02-01-01-01-07.wav,Actor_07,3.47
03-01-02-01-01-02-07.wav,Actor_07,3.74
03-01-02-01-02-01-07.wav,Actor_07,3.5
03-01-02-01-02-02-07.wav,Actor_07,3.54
03-01-02-02-01-01-07.wav,Actor_07,4.0
03-01-02-02-01-02-07.wav,Actor_07,3.87
03-01-02-02-02-01-07.wav,Actor_07,4.27
03-01-02-02-02-02-07.wav,Actor_07,4.1
03-01-03-01-01-01-07.wav,Actor_07,3.5
03-01-03-01-01-02-07.wav,Actor_07,3.47
03-01-03-01-02-01-07.wav,Actor_07,3.4
03-01-03-01-02-02-07.wav,Actor_07,3.4
03-01-03-02-01-01-07.wav,Actor_07,4.1
03-01-03-02-01-02-07.wav,Actor_07,4.04
03-01-03-02-02-01-07.wav,Actor_07,4.04
03-01-03-02-02-02-07.wav,Actor_07,3.84
03-01-04-01-01-01-07.wav,Actor_07,3.54
03-01-04-01-01-02-07.wav,Actor_07,3.6
03-01-04-01-02-01-07.wav,Actor_07,3.54
03-01-04-01-02-02-07.wav,Actor_07,3.87
03-01-04-02-01-01-07.wav,Actor_07,3.94
03-01-04-02-01-02-07.wav,Actor_07,3.84
03-01-04-02-02-01-07.wav,Actor_07,3.64
03-01-04-02-02-02-07.wav,Actor_07,3.84
03-01-05-01-01-01-07.wav,Actor_07,4.0
03-01-05-01-01-02-07.wav,Actor_07,3.97
03-01-05-01-02-01-07.wav,Actor_07,4.0
03-01-05-01-02-02-07.wav,Actor_07,4.0
03-01-05-02-01-01-07.wav,Actor_07,3.6
03-01-05-02-01-02-07.wav,Actor_07,4.0
03-01-05-02-02-01-07.wav,Actor_07,3.84
03-01-05-02-02-02-07.wav,Actor_07,4.34
03-01-06-01-01-01-07.wav,Actor_07,3.44
03-01-06-01-01-02-07.wav,Actor_07,3.5
03-01-06-01-02-01-07.wav,Actor_07,3.44
03-01-06-01-02-02-07.wav,Actor_07,3.37
03-01-06-02-01-01-07.wav,Actor_07,3.64
03-01-06-02-01-02-07.wav,Actor_07,3.47
03-01-06-02-02-01-07.wav,Actor_07,3.4
03-01-06-02-02-02-07.wav,Actor_07,3.5
03-01-07-01-01-01-07.wav,Actor_07,3.54
03-01-07-01-01-02-07.wav,Actor_07,3.5
03-01-07-01-02-01-07.wav,Actor_07,3.44
03-01-07-01-02-02-07.wav,Actor_07,3.54
03-01-07-02-01-01-07.wav,Actor_07,4.14
03-01-07-02-01-02-07.wav,Actor_07,4.4
03-01-07-02-02-01-07.wav,Actor_07,4.14
03-01-07-02-02-02-07.wav,Actor_07,4.77
03-01-08-01-01-01-07.wav,Actor_07,3.47
03-01-08-01-01-02-07.wav,Actor_07,3.54
03-01-08-01-02-01-07.wav,Actor_07,3.44
03-01-08-01-02-02-07.wav,Actor_07,3.44
03-01-08-02-01-01-07.wav,Actor_07,3.87
03-01-08-02-01-02-07.wav,Actor_07,3.64
03-01-08-02-02-01-07.wav,Actor_07,3.44
03-01-08-02-02-02-07.wav,Actor_07,3.47
03-01-01-01-01-01-08.wav,Actor_08,3.5
03-01-01-01-01-02-08.wav,Actor_08,3.64
03-01-01-01-02-01-08.wav,Actor_08,3.54
03-01-01-01-02-02-08.wav,Actor_08,3.5
03-01-02-01-01-01-08.wav,Actor_08,3.6
03-01-02-01-01-02-08.wav,Actor_08,3.4
03-01-02-01-02-01-08.wav,Actor_08,3.47
03-01-02-01-02-02-08.wav,Actor_08,3.47
03-01-02-02-01-01-08.wav,Actor_08,3.64
03-01-02-02-01-02-08.wav,Actor_08,3.74
03-01-02-02-02-01-08.wav,Actor_08,3.67
03-01-02-02-02-02-08.wav,Actor_08,3.8
03-01-03-01-01-01-08.wav,Actor_08,3.5
03-01-03-01-01-02-08.wav,Actor_08,3.44
03-01-03-01-02-01-08.wav,Actor_08,3.47
03-01-03-01-02-02-08.wav,Actor_08,3.44
03-01-03-02-01-01-08.wav,Actor_08,3.77
03-01-03-02-01-02-08.wav,Actor_08,3.9
03-01-03-02-02-01-08.wav,Actor_08,3.84
03-01-03-02-02-02-08.wav,Actor_08,3.94
03-01-04-01-01-01-08.wav,Actor_08,4.2
03-01-04-01-01-02-08.wav,Actor_08,3.87
03-01-04-01-02-01-08.wav,Actor_08,3.57
03-01-04-01-02-02-08.wav,Actor_08,3.6
03-01-04-02-01-01-08.wav,Actor_08,3.77
03-01-04-02-01-02-08.wav,Actor_08,3.94
03-01-04-02-02-01-08.wav,Actor_08,3.67
03-01-04-02-02-02-08.wav,Actor_08,3.7
03-01-05-01-01-01-08.wav,Actor_08,3.7
03-01-05-01-01-02-08.wav,Actor_08,3.6
03-01-05-01-02-01-08.wav,Actor_08,3.54
03-01-05-01-02-02-08.wav,Actor_08,3.57
03-01-05-02-01-01-08.wav,Actor_08,3.97
03-01-05-02-01-02-08.wav,Actor_08,3.77
03-01-05-02-02-01-08.wav,Actor_08,3.6
03-01-05-02-02-02-08.wav,Actor_08,3.64
03-01-06-01-01-01-08.wav,Actor_08,3.97
03-01-06-01-01-02-08.wav,Actor_08,3.67
03-01-06-01-02-01-08.wav,Actor_08,3.77
03-01-06-01-02-02-08.wav,Actor_08,3.67
03-01-06-02-01-01-08.wav,Actor_08,3.97
03-01-06-02-01-02-08.wav,Actor_08,3.9
03-01-06-02-02-01-08.wav,Actor_08,3.87
03-01-06-02-02-02-08.wav,Actor_08,3.94
03-01-07-01-01-01-08.wav,Actor_08,3.9
03-01-07-01-01-02-08.wav,Actor_08,3.67
03-01-07-01-02-01-08.wav,Actor_08,3.94
03-01-07-01-02-02-08.wav,Actor_08,3.84
03-01-07-02-01-01-08.wav,Actor_08,4.07
03-01-07-02-01-02-08.wav,Actor_08,3.77
03-01-07-02-02-01-08.wav,Actor_08,3.74
03-01-07-02-02-02-08.wav,Actor_08,3.87
03-01-08-01-01-01-08.wav,Actor_08,3.7
03-01-08-01-01-02-08.wav,Actor_08,3.8
03-01-08-01-02-01-08.wav,Actor_08,3.77
03-01-08-01-02-02-08.wav,Actor_08,3.54
03-01-08-02-01-01-08.wav,Actor_08,3.84
03-01-08-02-01-02-08.wav,Actor_08,3.7
03-01-08-02-02-01-08.wav,Actor_08,3.8
03-01-08-02-02-02-08.wav,Actor_08,3.87
03-01-01-01-01-01-09.wav,Actor_09,3.27
03-01-01-01-01-02-09.wav,Actor_09,3.2
03-01-01-01-02-01-09.wav,Actor_09,3.34
03-01-01-01-02-02-09.wav,Actor_09,3.24
03-01-02-01-01-01-09.wav,Actor_09,3.34
03-01-02-01-01-02-09.wav,Actor_09,3.34
03-01-02-01-02-01-09.wav,Actor_09,3.47
03-01-02-01-02-02-09.wav,Actor_09,3.57
03-01-02-02-01-01-09.wav,Actor_09,3.34
03-01-02-02-01-02-09.wav,Actor_09,3.44
03-01-02-02-02-01-09.wav,Actor_09,3.8
03-01-02-02-02-02-09.wav,Actor_09,3.64
03-01-03-01-01-01-09.wav,Actor_09,3.34
03-01-03-01-01-02-09.wav,Actor_09,3.54
03-01-03-01-02-01-09.wav,Actor_09,3.3
03-01-03-01-02-02-09.wav,Actor_09,3.47
03-01-03-02-01-01-09.wav,Actor_09,3.77
03-01-03-02-01-02-09.wav,Actor_09,4.17
03-01-03-02-02-01-09.wav,Actor_09,3.57
03-01-03-02-02-02-09.wav,Actor_09,3.57
03-01-04-01-01-01-09.wav,Actor_09,3.27
03-01-04-01-01-02-09.wav,Actor_09,3.44
03-01-04-01-02-01-09.wav,Actor_09,3.4
03-01-04-01-02-02-09.wav,Actor_09,3.4
03-01-04-02-01-01-09.wav,Actor_09,3.94
03-01-04-02-01-02-09.wav,Actor_09,3.9
03-01-04-02-02-01-09.wav,Actor_09,3.64
03-01-04-02-02-02-09.wav,Actor_09,3.87
03-01-05-01-01-01-09.wav,Actor_09,3.57
03-01-05-01-01-02-09.wav,Actor_09,3.57
03-01-05-01-02-01-09.wav,Actor_09,3.74
03-01-05-01-02-02-09.wav,Actor_09,3.54
03-01-05-02-01-01-09.wav,Actor_09,3.8
03-01-05-02-01-02-09.wav,Actor_09,3.77
03-01-05-02-02-01-09.wav,Actor_09,4.37
03-01-05-02-02-02-09.wav,Actor_09,3.97
03-01-06-01-01-01-09.wav,Actor_09,3.17
03-01-06-01-01-02-09.wav,Actor_09,3.17
03-01-06-01-02-01-09.wav,Actor_09,3.14
03-01-06-01-02-02-09.wav,Actor_09,3.14
03-01-06-02-01-01-09.wav,Actor_09,3.24
03-01-06-02-01-02-09.wav,Actor_09,3.27
03-01-06-02-02-01-09.wav,Actor_09,3.24
03-01-06-02-02-02-09.wav,Actor_09,3.24
03-01-07-01-01-01-09.wav,Actor_09,3.4
03-01-07-01-01-02-09.wav,Actor_09,3.5
03-01-07-01-02-01-09.wav,Actor_09,3.47
03-01-07-01-02-02-09.wav,Actor_09,3.4
03-01-07-02-01-01-09.wav,Actor_09,3.64
03-01-07-02-01-02-09.wav,Actor_09,3.54
03-01-07-02-02-01-09.wav,Actor_09,3.57
03-01-07-02-02-02-09.wav,Actor_09,3.6
03-01-08-01-01-01-09.wav,Actor_09,3.07
03-01-08-01-01-02-09.wav,Actor_09,3.34
03-01-08-01-02-01-09.wav,Actor_09,3.44
03-01-08-01-02-02-09.wav,Actor_09,3.44
03-01-08-02-01-01-09.wav,Actor_09,3.3
03-01-08-02-01-02-09.wav,Actor_09,3.27
03-01-08-02-02-01-09.wav,Actor_09,3.4
03-01-08-02-02-02-09.wav,Actor_09,3.44
03-01-01-01-01-01-10.wav,Actor_10,3.54
03-01-01-01-01-02-10.wav,Actor_10,3.84
03-01-01-01-02-01-10.wav,Actor_10,3.74
03-01-01-01-02-02-10.wav,Actor_10,3.67
03-01-02-01-01-01-10.wav,Actor_10,3.57
03-01-02-01-01-02-10.wav,Actor_10,3.6
03-01-02-01-02-01-10.wav,Actor_10,3.64
03-01-02-01-02-02-10.wav,Actor_10,3.7
03-01-02-02-01-01-10.wav,Actor_10,3.74
03-01-02-02-01-02-10.wav,Actor_10,3.74
03-01-02-02-02-01-10.wav,Actor_10,3.8
03-01-02-02-02-02-10.wav,Actor_10,3.84
03-01-03-01-01-01-10.wav,Actor_10,3.5
03-01-03-01-01-02-10.wav,Actor_10,3.47
03-01-03-01-02-01-10.wav,Actor_10,3.3
03-01-03-01-02-02-10.wav,Actor_10,3.34
03-01-03-02-01-01-10.wav,Actor_10,3.84
03-01-03-02-01-02-10.wav,Actor_10,3.5
03-01-03-02-02-01-10.wav,Actor_10,3.74
03-01-03-02-02-02-10.wav,Actor_10,3.97
03-01-04-01-01-01-10.wav,Actor_10,3.3
03-01-04-01-01-02-10.wav,Actor_10,3.47
03-01-04-01-02-01-10.wav,Actor_10,3.54
03-01-04-01-02-02-10.wav,Actor_10,3.8
03-01-04-02-01-01-10.wav,Actor_10,3.5
03-01-04-02-01-02-10.wav,Actor_10,3.57
03-01-04-02-02-01-10.wav,Actor_10,3.67
03-01-04-02-02-02-10.wav,Actor_10,3.57
03-01-05-01-01-01-10.wav,Actor_10,3.9
03-01-05-01-01-02-10.wav,Actor_10,4.0
03-01-05-01-02-01-10.wav,Actor_10,4.1
03-01-05-01-02-02-10.wav,Actor_10,4.14
03-01-05-02-01-01-10.wav,Actor_10,4.17
03-01-05-02-01-02-10.wav,Actor_10,4.47
03-01-05-02-02-01-10.wav,Actor_10,3.87
03-01-05-02-02-02-10.wav,Actor_10,4.14
03-01-06-01-01-01-10.wav,Actor_10,3.4
03-01-06-01-01-02-10.wav,Actor_10,3.3
03-01-06-01-02-01-10.wav,Actor_10,3.54
03-01-06-01-02-02-10.wav,Actor_10,3.44
03-01-06-02-01-01-10.wav,Actor_10,3.5
03-01-06-02-01-02-10.wav,Actor_10,3.7
03-01-06-02-02-01-10.wav,Actor_10,3.8
03-01-06-02-02-02-10.wav,Actor_10,3.87
03-01-07-01-01-01-10.wav,Actor_10,3.7
03-01-07-01-01-02-10.wav,Actor_10,4.2
03-01-07-01-02-01-10.wav,Actor_10,3.87
03-01-07-01-02-02-10.wav,Actor_10,4.27
03-01-07-02-01-01-10.wav,Actor_10,4.67
03-01-07-02-01-02-10.wav,Actor_10,4.54
03-01-07-02-02-01-10.wav,Actor_10,4.2
03-01-07-02-02-02-10.wav,Actor_10,4.87
03-01-08-01-01-01-10.wav,Actor_10,3.24
03-01-08-01-01-02-10.wav,Actor_10,3.4
03-01-08-01-02-01-10.wav,Actor_10,3.5
03-01-08-01-02-02-10.wav,Actor_10,3.47
03-01-08-02-01-01-10.wav,Actor_10,3.5
03-01-08-02-01-02-10.wav,Actor_10,3.4
03-01-08-02-02-01-10.wav,Actor_10,3.64
03-01-08-02-02-02-10.wav,Actor_10,3.5
03-01-01-01-01-01-11.wav,Actor_11,3.14
03-01-01-01-01-02-11.wav,Actor_11,3.1
03-01-01-01-02-01-11.wav,Actor_11,3.2
03-01-01-01-02-02-11.wav,Actor_11,3.17
03-01-02-01-01-01-11.wav,Actor_11,3.27
03-01-02-01-01-02-11.wav,Actor_11,3.34
03-01-02-01-02-01-11.wav,Actor_11,3.34
03-01-02-01-02-02-11.wav,Actor_11,3.67
03-01-02-02-01-01-11.wav,Actor_11,3.84
03-01-02-02-01-02-11.wav,Actor_11,3.74
03-01-02-02-02-01-11.wav,Actor_11,3.77
03-01-02-02-02-02-11.wav,Actor_11,3.84
03-01-03-01-01-01-11.wav,Actor_11,3.1
03-01-03-01-01-02-11.wav,Actor_11,3.2
03-01-03-01-02-01-11.wav,Actor_11,3.17
03-01-03-01-02-02-11.wav,Actor_11,3.24
03-01-03-02-01-01-11.wav,Actor_11,4.04
03-01-03-02-01-02-11.wav,Actor_11,3.64
03-01-03-02-02-01-11.wav,Actor_11,3.87
03-01-03-02-02-02-11.wav,Actor_11,3.5
03-01-04-01-01-01-11.wav,Actor_11,3.34
03-01-04-01-01-02-11.wav,Actor_11,3.6
03-01-04-01-02-01-11.wav,Actor_11,3.54
03-01-04-01-02-02-11.wav,Actor_11,3.44
03-01-04-02-01-01-11.wav,Actor_11,3.34
03-01-04-02-01-02-11.wav,Actor_11,3.6
03-01-04-02-02-01-11.wav,Actor_11,3.37
03-01-04-02-02-02-11.wav,Actor_11,3.34
03-01-05-01-01-01-11.wav,Actor_11,3.6
03-01-05-01-01-02-11.wav,Actor_11,3.47
03-01-05-01-02-01-11.wav,Actor_11,3.47
03-01-05-01-02-02-11.wav,Actor_11,3.74
03-01-05-02-01-01-11.wav,Actor_11,3.54
03-01-05-02-01-02-11.wav,Actor_11,3.97
03-01-05-02-02-01-11.wav,Actor_11,3.94
03-01-05-02-02-02-11.wav,Actor_11,3.77
03-01-06-01-01-01-11.wav,Actor_11,3.47
03-01-06-01-01-02-11.wav,Actor_11,3.5
03-01-06-01-02-01-11.wav,Actor_11,3.17
03-01-06-01-02-02-11.wav,Actor_11,3.2
03-01-06-02-01-01-11.wav,Actor_11,3.2
03-01-06-02-01-02-11.wav,Actor_11,3.2
03-01-06-02-02-01-11.wav,Actor_11,3.07
03-01-06-02-02-02-11.wav,Actor_11,3.14
03-01-07-01-01-01-11.wav,Actor_11,3.67
03-01-07-01-01-02-11.wav,Actor_11,3.6
03-01-07-01-02-01-11.wav,Actor_11,3.47
03-01-07-01-02-02-11.wav,Actor_11,3.67
03-01-07-02-01-01-11.wav,Actor_11,3.8
03-01-07-02-01-02-11.wav,Actor_11,3.8
03-01-07-02-02-01-11.wav,Actor_11,3.74
03-01-07-02-02-02-11.wav,Actor_11,3.74
03-01-08-01-01-01-11.wav,Actor_11,3.07
03-01-08-01-01-02-11.wav,Actor_11,3.14
03-01-08-01-02-01-11.wav,Actor_11,3.17
03-01-08-01-02-02-11.wav,Actor_11,2.97
03-01-08-02-01-01-11.wav,Actor_11,3.07
03-01-08-02-01-02-11.wav,Actor_11,3.1
03-01-08-02-02-01-11.wav,Actor_11,3.07
03-01-08-02-02-02-11.wav,Actor_11,3.07
03-01-01-01-01-01-12.wav,Actor_12,3.64
03-01-01-01-01-02-12.wav,Actor_12,3.54
03-01-01-01-02-01-12.wav,Actor_12,3.6
03-01-01-01-02-02-12.wav,Actor_12,3.64
03-01-02-01-01-01-12.wav,Actor_12,3.87
03-01-02-01-01-02-12.wav,Actor_12,3.77
03-01-02-01-02-01-12.wav,Actor_12,3.77
03-01-02-01-02-02-12.wav,Actor_12,3.67
03-01-02-02-01-01-12.wav,Actor_12,3.97
03-01-02-02-01-02-12.wav,Actor_12,3.77
03-01-02-02-02-01-12.wav,Actor_12,3.74
03-01-02-02-02-02-12.wav,Actor_12,3.8
03-01-03-01-01-01-12.wav,Actor_12,3.7
03-01-03-01-01-02-12.wav,Actor_12,3.74
03-01-03-01-02-01-12.wav,Actor_12,3.5
03-01-03-01-02-02-12.wav,Actor_12,3.74
03-01-03-02-01-01-12.wav,Actor_12,4.2
03-01-03-02-01-02-12.wav,Actor_12,4.14
03-01-03-02-02-01-12.wav,Actor_12,3.9
03-01-03-02-02-02-12.wav,Actor_12,3.97
03-01-04-01-01-01-12.wav,Actor_12,3.67
03-01-04-01-01-02-12.wav,Actor_12,3.6
03-01-04-01-02-01-12.wav,Actor_12,3.67
03-01-04-01-02-02-12.wav,Actor_12,3.57
03-01-04-02-01-01-12.wav,Actor_12,3.87
03-01-04-02-01-02-12.wav,Actor_12,3.77
03-01-04-02-02-01-12.wav,Actor_12,3.8
03-01-04-02-02-02-12.wav,Actor_12,3.87
03-01-05-01-01-01-12.wav,Actor_12,4.27
03-01-05-01-01-02-12.wav,Actor_12,3.97
03-01-05-01-02-01-12.wav,Actor_12,3.74
03-01-05-01-02-02-12.wav,Actor_12,4.14
03-01-05-02-01-01-12.wav,Actor_12,3.64
03-01-05-02-01-02-12.wav,Actor_12,3.67
03-01-05-02-02-01-12.wav,Actor_12,3.8
03-01-05-02-02-02-12.wav,Actor_12,3.84
03-01-06-01-01-01-12.wav,Actor_12,3.4
03-01-06-01-01-02-12.wav,Actor_12,3.5
03-01-06-01-02-01-12.wav,Actor_12,3.37
03-01-06-01-02-02-12.wav,Actor_12,3.2
03-01-06-02-01-01-12.wav,Actor_12,3.74
03-01-06-02-01-02-12.wav,Actor_12,3.7
03-01-06-02-02-01-12.wav,Actor_12,3.47
03-01-06-02-02-02-12.wav,Actor_12,3.67
03-01-07-01-01-01-12.wav,Actor_12,3.74
03-01-07-01-01-02-12.wav,Actor_12,3.7
03-01-07-01-02-01-12.wav,Actor_12,3.6
03-01-07-01-02-02-12.wav,Actor_12,3.7
03-01-07-02-01-01-12.wav,Actor_12,3.97
03-01-07-02-01-02-12.wav,Actor_12,4.54
03-01-07-02-02-01-12.wav,Actor_12,4.2
03-01-07-02-02-02-12.wav,Actor_12,3.97
03-01-08-01-01-01-12.wav,Actor_12,3.54
03-01-08-01-01-02-12.wav,Actor_12,3.64
03-01-08-01-02-01-12.wav,Actor_12,3.5
03-01-08-01-02-02-12.wav,Actor_12,3.6
03-01-08-02-01-01-12.wav,Actor_12,3.7
03-01-08-02-01-02-12.wav,Actor_12,3.74
03-01-08-02-02-01-12.wav,Actor_12,3.74
03-01-08-02-02-02-12.wav,Actor_12,3.67
03-01-01-01-01-01-13.wav,Actor_13,3.17
03-01-01-01-01-02-13.wav,Actor_13,3.2
03-01-01-01-02-01-13.wav,Actor_13,3.07
03-01-01-01-02-02-13.wav,Actor_13,3.14
03-01-02-01-01-01-13.wav,Actor_13,3.3
03-01-02-01-01-02-13.wav,Actor_13,3.17
03-01-02-01-02-01-13.wav,Actor_13,3.14
03-01-02-01-02-02-13.wav,Actor_13,2.94
03-01-02-02-01-01-13.wav,Actor_13,3.14
03-01-02-02-01-02-13.wav,Actor_13,3.2
03-01-02-02-02-01-13.wav,Actor_13,3.0
03-01-02-02-02-02-13.wav,Actor_13,3.04
03-01-03-01-01-01-13.wav,Actor_13,3.24
03-01-03-01-01-02-13.wav,Actor_13,3.2
03-01-03-01-02-01-13.wav,Actor_13,3.14
03-01-03-01-02-02-13.wav,Actor_13,3.2
03-01-03-02-01-01-13.wav,Actor_13,3.44
03-01-03-02-01-02-13.wav,Actor_13,3.6
03-01-03-02-02-01-13.wav,Actor_13,3.37
03-01-03-02-02-02-13.wav,Actor_13,3.34
03-01-04-01-01-01-13.wav,Actor_13,3.57
03-01-04-01-01-02-13.wav,Actor_13,3.54
03-01-04-01-02-01-13.wav,Actor_13,3.44
03-01-04-01-02-02-13.wav,Actor_13,3.37
03-01-04-02-01-01-13.wav,Actor_13,3.34
03-01-04-02-01-02-13.wav,Actor_13,3.3
03-01-04-02-02-01-13.wav,Actor_13,3.44
03-01-04-02-02-02-13.wav,Actor_13,3.2
03-01-05-01-01-01-13.wav,Actor_13,3.44
03-01-05-01-01-02-13.wav,Actor_13,3.54
03-01-05-01-02-01-13.wav,Actor_13,3.6
03-01-05-01-02-02-13.wav,Actor_13,3.37
03-01-05-02-01-01-13.wav,Actor_13,3.67
03-01-05-02-01-02-13.wav,Actor_13,4.27
03-01-05-02-02-01-13.wav,Actor_13,3.57
03-01-05-02-02-02-13.wav,Actor_13,4.17
03-01-06-01-01-01-13.wav,Actor_13,3.14
03-01-06-01-01-02-13.wav,Actor_13,3.17
03-01-06-01-02-01-13.wav,Actor_13,3.2
03-01-06-01-02-02-13.wav,Actor_13,3.24
03-01-06-02-01-01-13.wav,Actor_13,3.37
03-01-06-02-01-02-13.wav,Actor_13,3.27
03-01-06-02-02-01-13.wav,Actor_13,3.5
03-01-06-02-02-02-13.wav,Actor_13,3.2
03-01-07-01-01-01-13.wav,Actor_13,3.14
03-01-07-01-01-02-13.wav,Actor_13,3.17
03-01-07-01-02-01-13.wav,Actor_13,3.27
03-01-07-01-02-02-13.wav,Actor_13,3.24
03-01-07-02-01-01-13.wav,Actor_13,3.4
03-01-07-02-01-02-13.wav,Actor_13,3.7
03-01-07-02-02-01-13.wav,Actor_13,3.4
03-01-07-02-02-02-13.wav,Actor_13,3.44
03-01-08-01-01-01-13.wav,Actor_13,3.4
03-01-08-01-01-02-13.wav,Actor_13,3.14
03-01-08-01-02-01-13.wav,Actor_13,3.14
03-01-08-01-02-02-13.wav,Actor_13,3.04
03-01-08-02-01-01-13.wav,Actor_13,3.34
03-01-08-02-01-02-13.wav,Actor_13,3.3
03-01-08-02-02-01-13.wav,Actor_13,3.34
03-01-08-02-02-02-13.wav,Actor_13,3.3
03-01-01-01-01-01-14.wav,Actor_14,3.47
03-01-01-01-01-02-14.wav,Actor_14,3.34
03-01-01-01-02-01-14.wav,Actor_14,3.47
03-01-01-01-02-02-14.wav,Actor_14,3.57
03-01-02-01-01-01-14.wav,Actor_14,3.74
03-01-02-01-01-02-14.wav,Actor_14,3.57
03-01-02-01-02-01-14.wav,Actor_14,3.4
03-01-02-01-02-02-14.wav,Actor_14,3.5
03-01-02-02-01-01-14.wav,Actor_14,3.87
03-01-02-02-01-02-14.wav,Actor_14,3.9
03-01-02-02-02-01-14.wav,Actor_14,3.74
03-01-02-02-02-02-14.wav,Actor_14,3.77
03-01-03-01-01-01-14.wav,Actor_14,3.7
03-01-03-01-01-02-14.wav,Actor_14,3.67
03-01-03-01-02-01-14.wav,Actor_14,3.4
03-01-03-01-02-02-14.wav,Actor_14,3.47
03-01-03-02-01-01-14.wav,Actor_14,3.77
03-01-03-02-01-02-14.wav,Actor_14,3.74
03-01-03-02-02-01-14.wav,Actor_14,3.84
03-01-03-02-02-02-14.wav,Actor_14,3.74
03-01-04-01-01-01-14.wav,Actor_14,3.74
03-01-04-01-01-02-14.wav,Actor_14,3.6
03-01-04-01-02-01-14.wav,Actor_14,3.6
03-01-04-01-02-02-14.wav,Actor_14,3.54
03-01-04-02-01-01-14.wav,Actor_14,3.87
03-01-04-02-01-02-14.wav,Actor_14,3.67
03-01-04-02-02-01-14.wav,Actor_14,3.67
03-01-04-02-02-02-14.wav,Actor_14,3.9
03-01-05-01-01-01-14.wav,Actor_14,3.6
03-01-05-01-01-02-14.wav,Actor_14,3.7
03-01-05-01-02-01-14.wav,Actor_14,3.74
03-01-05-01-02-02-14.wav,Actor_14,3.9
03-01-05-02-01-01-14.wav,Actor_14,4.27
03-01-05-02-01-02-14.wav,Actor_14,4.37
03-01-05-02-02-01-14.wav,Actor_14,4.17
03-01-05-02-02-02-14.wav,Actor_14,4.4
03-01-06-01-01-01-14.wav,Actor_14,3.37
03-01-06-01-01-02-14.wav,Actor_14,3.57
03-01-06-01-02-01-14.wav,Actor_14,3.37
03-01-06-01-02-02-14.wav,Actor_14,3.37
03-01-06-02-01-01-14.wav,Actor_14,3.37
03-01-06-02-01-02-14.wav,Actor_14,3.4
03-01-06-02-02-01-14.wav,Actor_14,3.5
03-01-06-02-02-02-14.wav,Actor_14,3.47
03-01-07-01-01-01-14.wav,Actor_14,3.77
03-01-07-01-01-02-14.wav,Actor_14,3.64
03-01-07-01-02-01-14.wav,Actor_14,3.74
03-01-07-01-02-02-14.wav,Actor_14,3.77
03-01-07-02-01-01-14.wav,Actor_14,3.94
03-01-07-02-01-02-14.wav,Actor_14,3.74
03-01-07-02-02-01-14.wav,Actor_14,3.67
03-01-07-02-02-02-14.wav,Actor_14,3.8
03-01-08-01-01-01-14.wav,Actor_14,3.64
03-01-08-01-01-02-14.wav,Actor_14,3.57
03-01-08-01-02-01-14.wav,Actor_14,3.2
03-01-08-01-02-02-14.wav,Actor_14,3.3
03-01-08-02-01-01-14.wav,Actor_14,3.97
03-01-08-02-01-02-14.wav,Actor_14,3.7
03-01-08-02-02-01-14.wav,Actor_14,3.7
03-01-08-02-02-02-14.wav,Actor_14,3.74
03-01-01-01-01-01-15.wav,Actor_15,3.37
03-01-01-01-01-02-15.wav,Actor_15,3.44
03-01-01-01-02-01-15.wav,Actor_15,3.44
03-01-01-01-02-02-15.wav,Actor_15,3.4
03-01-02-01-01-01-15.wav,Actor_15,3.57
03-01-02-01-01-02-15.wav,Actor_15,3.57
03-01-02-01-02-01-15.wav,Actor_15,3.74
03-01-02-01-02-02-15.wav,Actor_15,3.57
03-01-02-02-01-01-15.wav,Actor_15,3.67
03-01-02-02-01-02-15.wav,Actor_15,3.8
03-01-02-02-02-01-15.wav,Actor_15,3.94
03-01-02-02-02-02-15.wav,Actor_15,3.6
03-01-03-01-01-01-15.wav,Actor_15,3.4
03-01-03-01-01-02-15.wav,Actor_15,3.34
03-01-03-01-02-01-15.wav,Actor_15,3.34
03-01-03-01-02-02-15.wav,Actor_15,3.44
03-01-03-02-01-01-15.wav,Actor_15,3.57
03-01-03-02-01-02-15.wav,Actor_15,3.47
03-01-03-02-02-01-15.wav,Actor_15,3.8
03-01-03-02-02-02-15.wav,Actor_15,3.37
03-01-04-01-01-01-15.wav,Actor_15,3.5
03-01-04-01-01-02-15.wav,Actor_15,3.3
03-01-04-01-02-01-15.wav,Actor_15,3.3
03-01-04-01-02-02-15.wav,Actor_15,3.37
03-01-04-02-01-01-15.wav,Actor_15,3.27
03-01-04-02-01-02-15.wav,Actor_15,3.4
03-01-04-02-02-01-15.wav,Actor_15,3.54
03-01-04-02-02-02-15.wav,Actor_15,3.44
03-01-05-01-01-01-15.wav,Actor_15,3.64
03-01-05-01-01-02-15.wav,Actor_15,3.6
03-01-05-01-02-01-15.wav,Actor_15,3.7
03-01-05-01-02-02-15.wav,Actor_15,3.54
03-01-05-02-01-01-15.wav,Actor_15,3.54
03-01-05-02-01-02-15.wav,Actor_15,3.74
03-01-05-02-02-01-15.wav,Actor_15,3.47
03-01-05-02-02-02-15.wav,Actor_15,3.6
03-01-06-01-01-01-15.wav,Actor_15,3.3
03-01-06-01-01-02-15.wav,Actor_15,3.3
03-01-06-01-02-01-15.wav,Actor_15,3.27
03-01-06-01-02-02-15.wav,Actor_15,3.3
03-01-06-02-01-01-15.wav,Actor_15,3.34
03-01-06-02-01-02-15.wav,Actor_15,3.47
03-01-06-02-02-01-15.wav,Actor_15,3.37
03-01-06-02-02-02-15.wav,Actor_15,3.5
03-01-07-01-01-01-15.wav,Actor_15,3.74
03-01-07-01-01-02-15.wav,Actor_15,3.64
03-01-07-01-02-01-15.wav,Actor_15,3.67
03-01-07-01-02-02-15.wav,Actor_15,4.07
03-01-07-02-01-01-15.wav,Actor_15,3.7
03-01-07-02-01-02-15.wav,Actor_15,3.37
03-01-07-02-02-01-15.wav,Actor_15,3.3
03-01-07-02-02-02-15.wav,Actor_15,3.47
03-01-08-01-01-01-15.wav,Actor_15,3.64
03-01-08-01-01-02-15.wav,Actor_15,3.44
03-01-08-01-02-01-15.wav,Actor_15,3.7
03-01-08-01-02-02-15.wav,Actor_15,3.37
03-01-08-02-01-01-15.wav,Actor_15,3.37
03-01-08-02-01-02-15.wav,Actor_15,3.3
03-01-08-02-02-01-15.wav,Actor_15,3.2
03-01-08-02-02-02-15.wav,Actor_15,3.34
03-01-01-01-01-01-16.wav,Actor_16,3.74
03-01-01-01-01-02-16.wav,Actor_16,3.74
03-01-01-01-02-01-16.wav,Actor_16,3.6
03-01-01-01-02-02-16.wav,Actor_16,3.57
03-01-02-01-01-01-16.wav,Actor_16,3.7
03-01-02-01-01-02-16.wav,Actor_16,3.87
03-01-02-01-02-01-16.wav,Actor_16,3.8
03-01-02-01-02-02-16.wav,Actor_16,3.67
03-01-02-02-01-01-16.wav,Actor_16,3.87
03-01-02-02-01-02-16.wav,Actor_16,3.94
03-01-02-02-02-01-16.wav,Actor_16,3.8
03-01-02-02-02-02-16.wav,Actor_16,3.8
03-01-03-01-01-01-16.wav,Actor_16,3.7
03-01-03-01-01-02-16.wav,Actor_16,3.67
03-01-03-01-02-01-16.wav,Actor_16,3.74
03-01-03-01-02-02-16.wav,Actor_16,3.67
03-01-03-02-01-01-16.wav,Actor_16,3.77
03-01-03-02-01-02-16.wav,Actor_16,3.57
03-01-03-02-02-01-16.wav,Actor_16,3.77
03-01-03-02-02-02-16.wav,Actor_16,3.8
03-01-04-01-01-01-16.wav,Actor_16,3.57
03-01-04-01-01-02-16.wav,Actor_16,3.64
03-01-04-01-02-01-16.wav,Actor_16,3.4
03-01-04-01-02-02-16.wav,Actor_16,3.5
03-01-04-02-01-01-16.wav,Actor_16,3.74
03-01-04-02-01-02-16.wav,Actor_16,3.8
03-01-04-02-02-01-16.wav,Actor_16,3.87
03-01-04-02-02-02-16.wav,Actor_16,3.74
03-01-05-01-01-01-16.wav,Actor_16,3.97
03-01-05-01-01-02-16.wav,Actor_16,4.0
03-01-05-01-02-01-16.wav,Actor_16,3.9
03-01-05-01-02-02-16.wav,Actor_16,3.9
03-01-05-02-01-01-16.wav,Actor_16,3.97
03-01-05-02-01-02-16.wav,Actor_16,3.74
03-01-05-02-02-01-16.wav,Actor_16,3.8
03-01-05-02-02-02-16.wav,Actor_16,4.07
03-01-06-01-01-01-16.wav,Actor_16,3.7
03-01-06-01-01-02-16.wav,Actor_16,3.5
03-01-06-01-02-01-16.wav,Actor_16,3.64
03-01-06-01-02-02-16.wav,Actor_16,3.57
03-01-06-02-01-01-16.wav,Actor_16,3.74
03-01-06-02-01-02-16.wav,Actor_16,3.74
03-01-06-02-02-01-16.wav,Actor_16,3.54
03-01-06-02-02-02-16.wav,Actor_16,3.5
03-01-07-01-01-01-16.wav,Actor_16,3.77
03-01-07-01-01-02-16.wav,Actor_16,3.74
03-01-07-01-02-01-16.wav,Actor_16,3.47
03-01-07-01-02-02-16.wav,Actor_16,3.57
03-01-07-02-01-01-16.wav,Actor_16,4.27
03-01-07-02-01-02-16.wav,Actor_16,4.24
03-01-07-02-02-01-16.wav,Actor_16,4.14
03-01-07-02-02-02-16.wav,Actor_16,4.14
03-01-08-01-01-01-16.wav,Actor_16,3.54
03-01-08-01-01-02-16.wav,Actor_16,3.44
03-01-08-01-02-01-16.wav,Actor_16,3.5
03-01-08-01-02-02-16.wav,Actor_16,3.44
03-01-08-02-01-01-16.wav,Actor_16,3.54
03-01-08-02-01-02-16.wav,Actor_16,3.54
03-01-08-02-02-01-16.wav,Actor_16,3.57
03-01-08-02-02-02-16.wav,Actor_16,3.57
03-01-01-01-01-01-17.wav,Actor_17,3.84
03-01-01-01-01-02-17.wav,Actor_17,3.5
03-01-01-01-02-01-17.wav,Actor_17,3.5
03-01-01-01-02-02-17.wav,Actor_17,3.47
03-01-02-01-01-01-17.wav,Actor_17,3.5
03-01-02-01-01-02-17.wav,Actor_17,3.54
03-01-02-01-02-01-17.wav,Actor_17,3.74
03-01-02-01-02-02-17.wav,Actor_17,3.77
03-01-02-02-01-01-17.wav,Actor_17,3.87
03-01-02-02-01-02-17.wav,Actor_17,3.6
03-01-02-02-02-01-17.wav,Actor_17,3.84
03-01-02-02-02-02-17.wav,Actor_17,3.54
03-01-03-01-01-01-17.wav,Actor_17,3.47
03-01-03-01-01-02-17.wav,Actor_17,3.54
03-01-03-01-02-01-17.wav,Actor_17,3.47
03-01-03-01-02-02-17.wav,Actor_17,3.54
03-01-03-02-01-01-17.wav,Actor_17,3.74
03-01-03-02-01-02-17.wav,Actor_17,4.1
03-01-03-02-02-01-17.wav,Actor_17,3.74
03-01-03-02-02-02-17.wav,Actor_17,3.8
03-01-04-01-01-01-17.wav,Actor_17,3.67
03-01-04-01-01-02-17.wav,Actor_17,3.5
03-01-04-01-02-01-17.wav,Actor_17,3.57
03-01-04-01-02-02-17.wav,Actor_17,3.6
03-01-04-02-01-01-17.wav,Actor_17,3.67
03-01-04-02-01-02-17.wav,Actor_17,3.7
03-01-04-02-02-01-17.wav,Actor_17,3.6
03-01-04-02-02-02-17.wav,Actor_17,3.57
03-01-05-01-01-01-17.wav,Actor_17,3.47
03-01-05-01-01-02-17.wav,Actor_17,3.7
03-01-05-01-02-01-17.wav,Actor_17,3.6
03-01-05-01-02-02-17.wav,Actor_17,3.54
03-01-05-02-01-01-17.wav,Actor_17,3.5
03-01-05-02-01-02-17.wav,Actor_17,3.74
03-01-05-02-02-01-17.wav,Actor_17,3.64
03-01-05-02-02-02-17.wav,Actor_17,3.8
03-01-06-01-01-01-17.wav,Actor_17,3.47
03-01-06-01-01-02-17.wav,Actor_17,3.5
03-01-06-01-02-01-17.wav,Actor_17,3.54
03-01-06-01-02-02-17.wav,Actor_17,3.64
03-01-06-02-01-01-17.wav,Actor_17,3.7
03-01-06-02-01-02-17.wav,Actor_17,3.74
03-01-06-02-02-01-17.wav,Actor_17,3.67
03-01-06-02-02-02-17.wav,Actor_17,3.84
03-01-07-01-01-01-17.wav,Actor_17,3.84
03-01-07-01-01-02-17.wav,Actor_17,3.7
03-01-07-01-02-01-17.wav,Actor_17,3.57
03-01-07-01-02-02-17.wav,Actor_17,3.5
03-01-07-02-01-01-17.wav,Actor_17,4.2
03-01-07-02-01-02-17.wav,Actor_17,4.17
03-01-07-02-02-01-17.wav,Actor_17,4.47
03-01-07-02-02-02-17.wav,Actor_17,4.6
03-01-08-01-01-01-17.wav,Actor_17,3.4
03-01-08-01-01-02-17.wav,Actor_17,3.64
03-01-08-01-02-01-17.wav,Actor_17,3.37
03-01-08-01-02-02-17.wav,Actor_17,3.44
03-01-08-02-01-01-17.wav,Actor_17,3.54
03-01-08-02-01-02-17.wav,Actor_17,3.67
03-01-08-02-02-01-17.wav,Actor_17,3.44
03-01-08-02-02-02-17.wav,Actor_17,3.54
03-01-01-01-01-01-18.wav,Actor_18,3.47
03-01-01-01-01-02-18.wav,Actor_18,3.54
03-01-01-01-02-01-18.wav,Actor_18,3.47
03-01-01-01-02-02-18.wav,Actor_18,3.47
03-01-02-01-01-01-18.wav,Actor_18,3.47
03-01-02-01-01-02-18.wav,Actor_18,3.4
03-01-02-01-02-01-18.wav,Actor_18,3.64
03-01-02-01-02-02-18.wav,Actor_18,3.5
03-01-02-02-01-01-18.wav,Actor_18,3.6
03-01-02-02-01-02-18.wav,Actor_18,3.6
03-01-02-02-02-01-18.wav,Actor_18,3.6
03-01-02-02-02-02-18.wav,Actor_18,3.6
03-01-03-01-01-01-18.wav,Actor_18,3.4
03-01-03-01-01-02-18.wav,Actor_18,3.37
03-01-03-01-02-01-18.wav,Actor_18,3.44
03-01-03-01-02-02-18.wav,Actor_18,3.5
03-01-03-02-01-01-18.wav,Actor_18,3.77
03-01-03-02-01-02-18.wav,Actor_18,3.94
03-01-03-02-02-01-18.wav,Actor_18,3.77
03-01-03-02-02-02-18.wav,Actor_18,3.84
03-01-04-01-01-01-18.wav,Actor_18,3.57
03-01-04-01-01-02-18.wav,Actor_18,3.64
03-01-04-01-02-01-18.wav,Actor_18,3.54
03-01-04-01-02-02-18.wav,Actor_18,3.64
03-01-04-02-01-01-18.wav,Actor_18,3.8
03-01-04-02-01-02-18.wav,Actor_18,3.84
03-01-04-02-02-01-18.wav,Actor_18,4.14
03-01-04-02-02-02-18.wav,Actor_18,3.84
03-01-05-01-01-01-18.wav,Actor_18,3.9
03-01-05-01-01-02-18.wav,Actor_18,4.17
03-01-05-01-02-01-18.wav,Actor_18,3.57
03-01-05-01-02-02-18.wav,Actor_18,3.64
03-01-05-02-01-01-18.wav,Actor_18,3.7
03-01-05-02-01-02-18.wav,Actor_18,3.77
03-01-05-02-02-01-18.wav,Actor_18,3.84
03-01-05-02-02-02-18.wav,Actor_18,4.24
03-01-06-01-01-01-18.wav,Actor_18,3.44
03-01-06-01-01-02-18.wav,Actor_18,3.4
03-01-06-01-02-01-18.wav,Actor_18,3.47
03-01-06-01-02-02-18.wav,Actor_18,3.47
03-01-06-02-01-01-18.wav,Actor_18,3.74
03-01-06-02-01-02-18.wav,Actor_18,4.17
03-01-06-02-02-01-18.wav,Actor_18,3.8
03-01-06-02-02-02-18.wav,Actor_18,3.8
03-01-07-01-01-01-18.wav,Actor_18,4.3
03-01-07-01-01-02-18.wav,Actor_18,4.07
03-01-07-01-02-01-18.wav,Actor_18,3.67
03-01-07-01-02-02-18.wav,Actor_18,4.37
03-01-07-02-01-01-18.wav,Actor_18,4.77
03-01-07-02-01-02-18.wav,Actor_18,4.47
03-01-07-02-02-01-18.wav,Actor_18,4.64
03-01-07-02-02-02-18.wav,Actor_18,4.57
03-01-08-01-01-01-18.wav,Actor_18,3.37
03-01-08-01-01-02-18.wav,Actor_18,3.5
03-01-08-01-02-01-18.wav,Actor_18,3.5
03-01-08-01-02-02-18.wav,Actor_18,3.5
03-01-08-02-01-01-18.wav,Actor_18,3.64
03-01-08-02-01-02-18.wav,Actor_18,3.54
03-01-08-02-02-01-18.wav,Actor_18,3.87
03-01-08-02-02-02-18.wav,Actor_18,3.64
03-01-01-01-01-01-19.wav,Actor_19,3.37
03-01-01-01-01-02-19.wav,Actor_19,3.24
03-01-01-01-02-01-19.wav,Actor_19,3.34
03-01-01-01-02-02-19.wav,Actor_19,3.3
03-01-02-01-01-01-19.wav,Actor_19,3.67
03-01-02-01-01-02-19.wav,Actor_19,3.67
03-01-02-01-02-01-19.wav,Actor_19,3.34
03-01-02-01-02-02-19.wav,Actor_19,3.47
03-01-02-02-01-01-19.wav,Actor_19,4.47
03-01-02-02-01-02-19.wav,Actor_19,4.04
03-01-02-02-02-01-19.wav,Actor_19,4.6
03-01-02-02-02-02-19.wav,Actor_19,4.3
03-01-03-01-01-01-19.wav,Actor_19,3.64
03-01-03-01-01-02-19.wav,Actor_19,3.7
03-01-03-01-02-01-19.wav,Actor_19,3.27
03-01-03-01-02-02-19.wav,Actor_19,3.3
03-01-03-02-01-01-19.wav,Actor_19,3.77
03-01-03-02-01-02-19.wav,Actor_19,3.8
03-01-03-02-02-01-19.wav,Actor_19,4.4
03-01-03-02-02-02-19.wav,Actor_19,4.0
03-01-04-01-01-01-19.wav,Actor_19,3.44
03-01-04-01-01-02-19.wav,Actor_19,3.67
03-01-04-01-02-01-19.wav,Actor_19,3.17
03-01-04-01-02-02-19.wav,Actor_19,3.67
03-01-04-02-01-01-19.wav,Actor_19,4.0
03-01-04-02-01-02-19.wav,Actor_19,3.7
03-01-04-02-02-01-19.wav,Actor_19,3.4
03-01-04-02-02-02-19.wav,Actor_19,3.74
03-01-05-01-01-01-19.wav,Actor_19,3.77
03-01-05-01-01-02-19.wav,Actor_19,3.7
03-01-05-01-02-01-19.wav,Actor_19,3.3
03-01-05-01-02-02-19.wav,Actor_19,3.57
03-01-05-02-01-01-19.wav,Actor_19,3.97
03-01-05-02-01-02-19.wav,Actor_19,4.8
03-01-05-02-02-01-19.wav,Actor_19,4.34
03-01-05-02-02-02-19.wav,Actor_19,4.1
03-01-06-01-01-01-19.wav,Actor_19,3.7
03-01-06-01-01-02-19.wav,Actor_19,3.5
03-01-06-01-02-01-19.wav,Actor_19,3.77
03-01-06-01-02-02-19.wav,Actor_19,3.54
03-01-06-02-01-01-19.wav,Actor_19,3.84
03-01-06-02-01-02-19.wav,Actor_19,4.37
03-01-06-02-02-01-19.wav,Actor_19,3.57
03-01-06-02-02-02-19.wav,Actor_19,4.04
03-01-07-01-01-01-19.wav,Actor_19,4.3
03-01-07-01-01-02-19.wav,Actor_19,4.84
03-01-07-01-02-01-19.wav,Actor_19,4.17
03-01-07-01-02-02-19.wav,Actor_19,3.94
03-01-07-02-01-01-19.wav,Actor_19,4.8
03-01-07-02-01-02-19.wav,Actor_19,5.27
03-01-07-02-02-01-19.wav,Actor_19,4.9
03-01-07-02-02-02-19.wav,Actor_19,4.94
03-01-08-01-01-01-19.wav,Actor_19,3.74
03-01-08-01-01-02-19.wav,Actor_19,3.54
03-01-08-01-02-01-19.wav,Actor_19,4.1
03-01-08-01-02-02-19.wav,Actor_19,3.07
03-01-08-02-01-01-19.wav,Actor_19,4.1
03-01-08-02-01-02-19.wav,Actor_19,4.64
03-01-08-02-02-01-19.wav,Actor_19,3.24
03-01-08-02-02-02-19.wav,Actor_19,3.27
03-01-01-01-01-01-20.wav,Actor_20,3.47
03-01-01-01-01-02-20.wav,Actor_20,3.57
03-01-01-01-02-01-20.wav,Actor_20,3.44
03-01-01-01-02-02-20.wav,Actor_20,3.54
03-01-02-01-01-01-20.wav,Actor_20,3.64
03-01-02-01-01-02-20.wav,Actor_20,3.57
03-01-02-01-02-01-20.wav,Actor_20,3.34
03-01-02-01-02-02-20.wav,Actor_20,3.5
03-01-02-02-01-01-20.wav,Actor_20,3.87
03-01-02-02-01-02-20.wav,Actor_20,4.07
03-01-02-02-02-01-20.wav,Actor_20,3.64
03-01-02-02-02-02-20.wav,Actor_20,3.64
03-01-03-01-01-01-20.wav,Actor_20,3.54
03-01-03-01-01-02-20.wav,Actor_20,3.7
03-01-03-01-02-01-20.wav,Actor_20,3.47
03-01-03-01-02-02-20.wav,Actor_20,3.4
03-01-03-02-01-01-20.wav,Actor_20,3.67
03-01-03-02-01-02-20.wav,Actor_20,4.3
03-01-03-02-02-01-20.wav,Actor_20,3.57
03-01-03-02-02-02-20.wav,Actor_20,3.7
03-01-04-01-01-01-20.wav,Actor_20,3.6
03-01-04-01-01-02-20.wav,Actor_20,3.5
03-01-04-01-02-01-20.wav,Actor_20,3.47
03-01-04-01-02-02-20.wav,Actor_20,3.37
03-01-04-02-01-01-20.wav,Actor_20,3.77
03-01-04-02-01-02-20.wav,Actor_20,4.24
03-01-04-02-02-01-20.wav,Actor_20,3.8
03-01-04-02-02-02-20.wav,Actor_20,3.97
03-01-05-01-01-01-20.wav,Actor_20,3.24
03-01-05-01-01-02-20.wav,Actor_20,3.74
03-01-05-01-02-01-20.wav,Actor_20,3.67
03-01-05-01-02-02-20.wav,Actor_20,3.8
03-01-05-02-01-01-20.wav,Actor_20,4.14
03-01-05-02-01-02-20.wav,Actor_20,4.07
03-01-05-02-02-01-20.wav,Actor_20,4.4
03-01-05-02-02-02-20.wav,Actor_20,3.54
03-01-06-01-01-01-20.wav,Actor_20,3.8
03-01-06-01-01-02-20.wav,Actor_20,4.37
03-01-06-01-02-01-20.wav,Actor_20,3.94
03-01-06-01-02-02-20.wav,Actor_20,3.3
03-01-06-02-01-01-20.wav,Actor_20,4.24
03-01-06-02-01-02-20.wav,Actor_20,4.17
03-01-06-02-02-01-20.wav,Actor_20,3.87
03-01-06-02-02-02-20.wav,Actor_20,3.9
03-01-07-01-01-01-20.wav,Actor_20,3.87
03-01-07-01-01-02-20.wav,Actor_20,3.74
03-01-07-01-02-01-20.wav,Actor_20,3.64
03-01-07-01-02-02-20.wav,Actor_20,3.84
03-01-07-02-01-01-20.wav,Actor_20,4.1
03-01-07-02-01-02-20.wav,Actor_20,4.1
03-01-07-02-02-01-20.wav,Actor_20,4.74
03-01-07-02-02-02-20.wav,Actor_20,3.87
03-01-08-01-01-01-20.wav,Actor_20,3.24
03-01-08-01-01-02-20.wav,Actor_20,3.57
03-01-08-01-02-01-20.wav,Actor_20,3.14
03-01-08-01-02-02-20.wav,Actor_20,3.2
03-01-08-02-01-01-20.wav,Actor_20,3.74
03-01-08-02-01-02-20.wav,Actor_20,3.24
03-01-08-02-02-01-20.wav,Actor_20,3.54
03-01-08-02-02-02-20.wav,Actor_20,3.44
03-01-01-01-01-01-21.wav,Actor_21,3.84
03-01-01-01-01-02-21.wav,Actor_21,3.97
03-01-01-01-02-01-21.wav,Actor_21,3.6
03-01-01-01-02-02-21.wav,Actor_21,3.67
03-01-02-01-01-01-21.wav,Actor_21,4.04
03-01-02-01-01-02-21.wav,Actor_21,4.0
03-01-02-01-02-01-21.wav,Actor_21,3.8
03-01-02-01-02-02-21.wav,Actor_21,4.07
03-01-02-02-01-01-21.wav,Actor_21,4.0
03-01-02-02-01-02-21.wav,Actor_21,4.17
03-01-02-02-02-01-21.wav,Actor_21,4.14
03-01-02-02-02-02-21.wav,Actor_21,3.97
03-01-03-01-01-01-21.wav,Actor_21,3.84
03-01-03-01-01-02-21.wav,Actor_21,3.8
03-01-03-01-02-01-21.wav,Actor_21,3.7
03-01-03-01-02-02-21.wav,Actor_21,3.84
03-01-03-02-01-01-21.wav,Actor_21,3.8
03-01-03-02-01-02-21.wav,Actor_21,3.94
03-01-03-02-02-01-21.wav,Actor_21,3.67
03-01-03-02-02-02-21.wav,Actor_21,3.8
03-01-04-01-01-01-21.wav,Actor_21,4.3
03-01-04-01-01-02-21.wav,Actor_21,4.6
03-01-04-01-02-01-21.wav,Actor_21,4.07
03-01-04-01-02-02-21.wav,Actor_21,4.2
03-01-04-02-01-01-21.wav,Actor_21,4.17
03-01-04-02-01-02-21.wav,Actor_21,4.27
03-01-04-02-02-01-21.wav,Actor_21,4.27
03-01-04-02-02-02-21.wav,Actor_21,4.14
03-01-05-01-01-01-21.wav,Actor_21,4.14
03-01-05-01-01-02-21.wav,Actor_21,4.0
03-01-05-01-02-01-21.wav,Actor_21,4.07
03-01-05-01-02-02-21.wav,Actor_21,3.94
03-01-05-02-01-01-21.wav,Actor_21,4.37
03-01-05-02-01-02-21.wav,Actor_21,4.47
03-01-05-02-02-01-21.wav,Actor_21,4.1
03-01-05-02-02-02-21.wav,Actor_21,4.24
03-01-06-01-01-01-21.wav,Actor_21,3.67
03-01-06-01-01-02-21.wav,Actor_21,3.77
03-01-06-01-02-01-21.wav,Actor_21,3.97
03-01-06-01-02-02-21.wav,Actor_21,4.07
03-01-06-02-01-01-21.wav,Actor_21,3.97
03-01-06-02-01-02-21.wav,Actor_21,3.84
03-01-06-02-02-01-21.wav,Actor_21,3.77
03-01-06-02-02-02-21.wav,Actor_21,3.64
03-01-07-01-01-01-21.wav,Actor_21,3.8
03-01-07-01-01-02-21.wav,Actor_21,4.07
03-01-07-01-02-01-21.wav,Actor_21,3.64
03-01-07-01-02-02-21.wav,Actor_21,3.6
03-01-07-02-01-01-21.wav,Actor_21,4.07
03-01-07-02-01-02-21.wav,Actor_21,4.04
03-01-07-02-02-01-21.wav,Actor_21,4.17
03-01-07-02-02-02-21.wav,Actor_21,3.97
03-01-08-01-01-01-21.wav,Actor_21,3.5
03-01-08-01-01-02-21.wav,Actor_21,3.47
03-01-08-01-02-01-21.wav,Actor_21,3.47
03-01-08-01-02-02-21.wav,Actor_21,3.57
03-01-08-02-01-01-21.wav,Actor_21,3.64
03-01-08-02-01-02-21.wav,Actor_21,3.64
03-01-08-02-02-01-21.wav,Actor_21,3.47
03-01-08-02-02-02-21.wav,Actor_21,3.54
03-01-01-01-01-01-22.wav,Actor_22,3.64
03-01-01-01-01-02-22.wav,Actor_22,3.44
03-01-01-01-02-01-22.wav,Actor_22,3.6
03-01-01-01-02-02-22.wav,Actor_22,3.54
03-01-02-01-01-01-22.wav,Actor_22,3.54
03-01-02-01-01-02-22.wav,Actor_22,3.57
03-01-02-01-02-01-22.wav,Actor_22,3.57
03-01-02-01-02-02-22.wav,Actor_22,3.54
03-01-02-02-01-01-22.wav,Actor_22,3.7
03-01-02-02-01-02-22.wav,Actor_22,3.84
03-01-02-02-02-01-22.wav,Actor_22,3.64
03-01-02-02-02-02-22.wav,Actor_22,3.77
03-01-03-01-01-01-22.wav,Actor_22,3.54
03-01-03-01-01-02-22.wav,Actor_22,3.44
03-01-03-01-02-01-22.wav,Actor_22,3.5
03-01-03-01-02-02-22.wav,Actor_22,3.5
03-01-03-02-01-01-22.wav,Actor_22,3.74
03-01-03-02-01-02-22.wav,Actor_22,3.84
03-01-03-02-02-01-22.wav,Actor_22,3.67
03-01-03-02-02-02-22.wav,Actor_22,3.94
03-01-04-01-01-01-22.wav,Actor_22,3.6
03-01-04-01-01-02-22.wav,Actor_22,3.7
03-01-04-01-02-01-22.wav,Actor_22,3.67
03-01-04-01-02-02-22.wav,Actor_22,3.7
03-01-04-02-01-01-22.wav,Actor_22,3.74
03-01-04-02-01-02-22.wav,Actor_22,3.64
03-01-04-02-02-01-22.wav,Actor_22,3.74
03-01-04-02-02-02-22.wav,Actor_22,3.84
03-01-05-01-01-01-22.wav,Actor_22,3.7
03-01-05-01-01-02-22.wav,Actor_22,3.74
03-01-05-01-02-01-22.wav,Actor_22,3.87
03-01-05-01-02-02-22.wav,Actor_22,4.04
03-01-05-02-01-01-22.wav,Actor_22,3.87
03-01-05-02-01-02-22.wav,Actor_22,3.9
03-01-05-02-02-01-22.wav,Actor_22,4.24
03-01-05-02-02-02-22.wav,Actor_22,4.2
03-01-06-01-01-01-22.wav,Actor_22,3.57
03-01-06-01-01-02-22.wav,Actor_22,3.6
03-01-06-01-02-01-22.wav,Actor_22,3.67
03-01-06-01-02-02-22.wav,Actor_22,3.54
03-01-06-02-01-01-22.wav,Actor_22,3.57
03-01-06-02-01-02-22.wav,Actor_22,3.57
03-01-06-02-02-01-22.wav,Actor_22,3.67
03-01-06-02-02-02-22.wav,Actor_22,3.6
03-01-07-01-01-01-22.wav,Actor_22,3.7
03-01-07-01-01-02-22.wav,Actor_22,3.9
03-01-07-01-02-01-22.wav,Actor_22,3.8
03-01-07-01-02-02-22.wav,Actor_22,3.84
03-01-07-02-01-01-22.wav,Actor_22,4.24
03-01-07-02-01-02-22.wav,Actor_22,4.17
03-01-07-02-02-01-22.wav,Actor_22,4.2
03-01-07-02-02-02-22.wav,Actor_22,4.1
03-01-08-01-01-01-22.wav,Actor_22,3.54
03-01-08-01-01-02-22.wav,Actor_22,3.57
03-01-08-01-02-01-22.wav,Actor_22,3.44
03-01-08-01-02-02-22.wav,Actor_22,3.6
03-01-08-02-01-01-22.wav,Actor_22,3.57
03-01-08-02-01-02-22.wav,Actor_22,3.74
03-01-08-02-02-01-22.wav,Actor_22,3.7
03-01-08-02-02-02-22.wav,Actor_22,3.64
03-01-01-01-01-01-23.wav,Actor_23,3.8
03-01-01-01-01-02-23.wav,Actor_23,3.74
03-01-01-01-02-01-23.wav,Actor_23,3.67
03-01-01-01-02-02-23.wav,Actor_23,3.84
03-01-02-01-01-01-23.wav,Actor_23,3.97
03-01-02-01-01-02-23.wav,Actor_23,4.07
03-01-02-01-02-01-23.wav,Actor_23,4.17
03-01-02-01-02-02-23.wav,Actor_23,4.0
03-01-02-02-01-01-23.wav,Actor_23,4.6
03-01-02-02-01-02-23.wav,Actor_23,4.6
03-01-02-02-02-01-23.wav,Actor_23,4.1
03-01-02-02-02-02-23.wav,Actor_23,4.57
03-01-03-01-01-01-23.wav,Actor_23,3.34
03-01-03-01-01-02-23.wav,Actor_23,3.27
03-01-03-01-02-01-23.wav,Actor_23,3.24
03-01-03-01-02-02-23.wav,Actor_23,3.27
03-01-03-02-01-01-23.wav,Actor_23,3.24
03-01-03-02-01-02-23.wav,Actor_23,3.2
03-01-03-02-02-01-23.wav,Actor_23,3.24
03-01-03-02-02-02-23.wav,Actor_23,3.24
03-01-04-01-01-01-23.wav,Actor_23,3.6
03-01-04-01-01-02-23.wav,Actor_23,3.87
03-01-04-01-02-01-23.wav,Actor_23,3.57
03-01-04-01-02-02-23.wav,Actor_23,3.67
03-01-04-02-01-01-23.wav,Actor_23,4.27
03-01-04-02-01-02-23.wav,Actor_23,4.37
03-01-04-02-02-01-23.wav,Actor_23,3.94
03-01-04-02-02-02-23.wav,Actor_23,4.74
03-01-05-01-01-01-23.wav,Actor_23,3.3
03-01-05-01-01-02-23.wav,Actor_23,3.3
03-01-05-01-02-01-23.wav,Actor_23,3.27
03-01-05-01-02-02-23.wav,Actor_23,3.34
03-01-05-02-01-01-23.wav,Actor_23,3.4
03-01-05-02-01-02-23.wav,Actor_23,3.34
03-01-05-02-02-01-23.wav,Actor_23,3.24
03-01-05-02-02-02-23.wav,Actor_23,3.3
03-01-06-01-01-01-23.wav,Actor_23,3.44
03-01-06-01-01-02-23.wav,Actor_23,3.24
03-01-06-01-02-01-23.wav,Actor_23,3.14
03-01-06-01-02-02-23.wav,Actor_23,3.1
03-01-06-02-01-01-23.wav,Actor_23,3.57
03-01-06-02-01-02-23.wav,Actor_23,3.44
03-01-06-02-02-01-23.wav,Actor_23,3.57
03-01-06-02-02-02-23.wav,Actor_23,3.54
03-01-07-01-01-01-23.wav,Actor_23,3.57
03-01-07-01-01-02-23.wav,Actor_23,3.57
03-01-07-01-02-01-23.wav,Actor_23,3.47
03-01-07-01-02-02-23.wav,Actor_23,3.34
03-01-07-02-01-01-23.wav,Actor_23,4.07
03-01-07-02-01-02-23.wav,Actor_23,3.87
03-01-07-02-02-01-23.wav,Actor_23,3.74
03-01-07-02-02-02-23.wav,Actor_23,3.87
03-01-08-01-01-01-23.wav,Actor_23,3.27
03-01-08-01-01-02-23.wav,Actor_23,3.24
03-01-08-01-02-01-23.wav,Actor_23,3.3
03-01-08-01-02-02-23.wav,Actor_23,3.3
03-01-08-02-01-01-23.wav,Actor_23,3.5
03-01-08-02-01-02-23.wav,Actor_23,3.37
03-01-08-02-02-01-23.wav,Actor_23,3.34
03-01-08-02-02-02-23.wav,Actor_23,3.3
03-01-01-01-01-01-24.wav,Actor_24,3.7
03-01-01-01-01-02-24.wav,Actor_24,3.64
03-01-01-01-02-01-24.wav,Actor_24,3.64
03-01-01-01-02-02-24.wav,Actor_24,3.6
03-01-02-01-01-01-24.wav,Actor_24,3.57
03-01-02-01-01-02-24.wav,Actor_24,3.5
03-01-02-01-02-01-24.wav,Actor_24,3.87
03-01-02-01-02-02-24.wav,Actor_24,3.7
03-01-02-02-01-01-24.wav,Actor_24,4.1
03-01-02-02-01-02-24.wav,Actor_24,4.07
03-01-02-02-02-01-24.wav,Actor_24,4.04
03-01-02-02-02-02-24.wav,Actor_24,4.1
03-01-03-01-01-01-24.wav,Actor_24,3.6
03-01-03-01-01-02-24.wav,Actor_24,3.9
03-01-03-01-02-01-24.wav,Actor_24,3.5
03-01-03-01-02-02-24.wav,Actor_24,3.74
03-01-03-02-01-01-24.wav,Actor_24,4.0
03-01-03-02-01-02-24.wav,Actor_24,3.77
03-01-03-02-02-01-24.wav,Actor_24,3.87
03-01-03-02-02-02-24.wav,Actor_24,3.87
03-01-04-01-01-01-24.wav,Actor_24,4.1
03-01-04-01-01-02-24.wav,Actor_24,3.97
03-01-04-01-02-01-24.wav,Actor_24,3.54
03-01-04-01-02-02-24.wav,Actor_24,3.84
03-01-04-02-01-01-24.wav,Actor_24,4.4
03-01-04-02-01-02-24.wav,Actor_24,4.57
03-01-04-02-02-01-24.wav,Actor_24,4.2
03-01-04-02-02-02-24.wav,Actor_24,4.67
03-01-05-01-01-01-24.wav,Actor_24,4.1
03-01-05-01-01-02-24.wav,Actor_24,3.74
03-01-05-01-02-01-24.wav,Actor_24,3.67
03-01-05-01-02-02-24.wav,Actor_24,4.2
03-01-05-02-01-01-24.wav,Actor_24,4.37
03-01-05-02-01-02-24.wav,Actor_24,4.37
03-01-05-02-02-01-24.wav,Actor_24,4.17
03-01-05-02-02-02-24.wav,Actor_24,5.11
03-01-06-01-01-01-24.wav,Actor_24,4.1
03-01-06-01-01-02-24.wav,Actor_24,4.07
03-01-06-01-02-01-24.wav,Actor_24,3.94
03-01-06-01-02-02-24.wav,Actor_24,4.0
03-01-06-02-01-01-24.wav,Actor_24,3.84
03-01-06-02-01-02-24.wav,Actor_24,4.07
03-01-06-02-02-01-24.wav,Actor_24,3.6
03-01-06-02-02-02-24.wav,Actor_24,3.84
03-01-07-01-01-01-24.wav,Actor_24,4.3
03-01-07-01-01-02-24.wav,Actor_24,4.1
03-01-07-01-02-01-24.wav,Actor_24,4.0
03-01-07-01-02-02-24.wav,Actor_24,4.07
03-01-07-02-01-01-24.wav,Actor_24,4.34
03-01-07-02-01-02-24.wav,Actor_24,4.64
03-01-07-02-02-01-24.wav,Actor_24,4.24
03-01-07-02-02-02-24.wav,Actor_24,4.44
03-01-08-01-01-01-24.wav,Actor_24,3.3
03-01-08-01-01-02-24.wav,Actor_24,3.47
03-01-08-01-02-01-24.wav,Actor_24,3.37
03-01-08-01-02-02-24.wav,Actor_24,3.4
03-01-08-02-01-01-24.wav,Actor_24,3.94
03-01-08-02-01-02-24.wav,Actor_24,3.97
03-01-08-02-02-01-24.wav,Actor_24,3.67
03-01-08-02-02-02-24.wav,Actor_24,3.64
